ID Aluno,Nome,Idade,Telefone,Gênero,Plano,Data de Matrícula,Mês da Matrícula,Meio de Pagamento,Status de Cancelamento,Tempo de Permanência (meses),Total de Pagamentos,2024-01,2024-02,2024-03,2024-04,2024-05,2024-06,2024-07,2024-08,2024-09,2024-10,2024-11,2024-12,Previsão de Cancelamento,Probabilidade de Cancelamento,Probabilidade (%)
1,Aluno 1,19,(99) 9999-9999,Feminino,Anual,2024-01-08,1,Cartão,0,11.0,11.0,0,1,1,1,1,1,1,1,1,1.0,1,1,0,0.0,0.0 %
2,Aluno 2,45,(99) 9999-10000,Feminino,Mensal,2024-01-14,1,Cartão,0,11.0,11.0,0,1,1,1,1,1,1,1,1,1.0,1,1,0,0.025,2.5 %
3,Aluno 3,23,(99) 9999-10001,Feminino,Mensal,2024-01-20,1,Cartão,1,5.0,5.0,0,1,1,1,1,1,0,0,0,0.0,0,0,1,1.0,100.0 %
4,Aluno 4,27,(99) 9999-10002,Feminino,Anual,2024-01-08,1,Cartão,1,7.0,7.0,0,1,1,1,1,1,1,1,0,0.0,0,0,1,1.0,100.0 %
5,Aluno 5,30,(99) 9999-10003,Feminino,Mensal,2024-01-23,1,Pix,1,5.0,5.0,0,1,1,1,1,1,0,0,0,0.0,0,0,1,1.0,100.0 %
6,Aluno 6,30,(99) 9999-10004,Feminino,Mensal,2024-01-04,1,Dinheiro,0,11.0,11.0,0,1,1,1,1,1,1,1,1,1.0,1,1,0,0.02,2.0 %
7,Aluno 7,24,(99) 9999-10005,Feminino,Anual,2024-01-20,1,Cartão,0,11.0,11.0,0,1,1,1,1,1,1,1,1,1.0,1,1,0,0.0,0.0 %
8,Aluno 8,20,(99) 9999-10006,Feminino,Anual,2024-01-18,1,Cartão,1,5.0,5.0,0,1,1,1,1,1,0,0,0,0.0,0,0,1,1.0,100.0 %
9,Aluno 9,56,(99) 9999-10007,Feminino,Mensal,2024-01-10,1,Cartão,1,6.0,6.0,0,1,1,1,1,1,1,0,0,0.0,0,0,1,0.99,99.0 %
10,Aluno 10,41,(99) 9999-10008,Masculino,Anual,2024-01-19,1,Cartão,0,11.0,11.0,0,1,1,1,1,1,1,1,1,1.0,1,1,0,0.03,3.0 %
11,Aluno 11,22,(99) 9999-10009,Feminino,Mensal,2024-01-03,1,Dinheiro,1,5.0,4.0,0,1,1,1,0,1,0,0,0,0.0,0,0,1,1.0,100.0 %
12,Aluno 12,52,(99) 9999-10010,Masculino,Anual,2024-01-09,1,Cartão,0,11.0,11.0,0,1,1,1,1,1,1,1,1,1.0,1,1,0,0.25,25.0 %
13,Aluno 13,50,(99) 9999-10011,Feminino,Mensal,2024-01-12,1,Dinheiro,0,11.0,11.0,0,1,1,1,1,1,1,1,1,1.0,1,1,0,0.0,0.0 %
14,Aluno 14,30,(99) 9999-10012,Feminino,Mensal,2024-01-21,1,Cartão,0,11.0,11.0,0,1,1,1,1,1,1,1,1,1.0,1,1,0,0.09,9.0 %
15,Aluno 15,44,(99) 9999-10013,Feminino,Mensal,2024-01-13,1,Dinheiro,1,6.0,6.0,0,1,1,1,1,1,1,0,0,0.0,0,0,1,1.0,100.0 %
16,Aluno 16,56,(99) 9999-10014,Feminino,Mensal,2024-01-11,1,Cartão,0,11.0,11.0,0,1,1,1,1,1,1,1,1,1.0,1,1,0,0.01,1.0 %
17,Aluno 17,46,(99) 9999-10015,Masculino,Mensal,2024-01-26,1,Pix,0,11.0,9.0,0,1,0,0,1,1,1,1,1,1.0,1,1,0,0.024166666666666666,2.42 %
18,Aluno 18,30,(99) 9999-10016,Feminino,Mensal,2024-01-23,1,Cartão,0,11.0,11.0,0,1,1,1,1,1,1,1,1,1.0,1,1,0,0.09,9.0 %
19,Aluno 19,42,(99) 9999-10017,Feminino,Anual,2024-01-21,1,Cartão,1,2.0,2.0,0,1,1,0,0,0,0,0,0,0.0,0,0,1,0.98,98.0 %
20,Aluno 20,29,(99) 9999-10018,Feminino,Mensal,2024-01-18,1,Pix,1,6.0,6.0,0,1,1,1,1,1,1,0,0,0.0,0,0,1,1.0,100.0 %
21,Aluno 21,45,(99) 9999-10019,Feminino,Anual,2024-01-19,1,Cartão,0,11.0,11.0,0,1,1,1,1,1,1,1,1,1.0,1,1,0,0.08766666666666666,8.77 %
22,Aluno 22,28,(99) 9999-10020,Feminino,Mensal,2024-01-16,1,Cartão,0,3.0,3.0,0,1,1,1,1,1,1,1,1,1.0,1,1,0,0.235,23.5 %
23,Aluno 23,21,(99) 9999-10021,Feminino,Mensal,2024-01-21,1,Pix,0,11.0,10.0,0,1,1,1,1,1,0,1,1,1.0,1,1,0,0.24833333333333335,24.83 %
24,Aluno 24,43,(99) 9999-10022,Feminino,Mensal,2024-01-13,1,Dinheiro,0,11.0,11.0,0,1,1,1,1,1,1,1,1,1.0,1,1,0,0.0,0.0 %
25,Aluno 25,36,(99) 9999-10023,Feminino,Anual,2024-01-18,1,Cartão,0,11.0,11.0,0,1,1,1,1,1,1,1,1,1.0,1,1,0,0.0,0.0 %
26,Aluno 26,18,(99) 9999-10024,Masculino,Mensal,2024-01-18,1,Cartão,0,11.0,11.0,0,1,1,1,1,1,1,1,1,1.0,1,1,0,0.057999999999999996,5.8 %
27,Aluno 27,46,(99) 9999-10025,Masculino,Anual,2024-01-04,1,Cartão,1,11.0,11.0,0,1,1,1,1,1,1,1,1,1.0,1,1,1,0.7,70.0 %
28,Aluno 28,26,(99) 9999-10026,Feminino,Mensal,2024-01-24,1,Cartão,0,11.0,11.0,0,1,1,1,1,1,1,1,1,1.0,1,1,0,0.15,15.0 %
29,Aluno 29,37,(99) 9999-10027,Feminino,Mensal,2024-01-04,1,Cartão,0,11.0,11.0,0,1,1,1,1,1,1,1,1,1.0,1,1,0,0.04499999999999999,4.5 %
30,Aluno 30,31,(99) 9999-10028,Masculino,Mensal,2024-01-12,1,Pix,0,11.0,11.0,0,1,1,1,1,1,1,1,1,1.0,1,1,0,0.02,2.0 %
31,Aluno 31,38,(99) 9999-10029,Masculino,Mensal,2024-01-11,1,Cartão,1,7.0,7.0,0,1,1,1,1,1,1,1,0,0.0,0,0,1,1.0,100.0 %
32,Aluno 32,25,(99) 9999-10030,Feminino,Anual,2024-01-27,1,Cartão,1,6.0,6.0,0,1,1,1,1,1,1,0,0,0.0,0,0,1,1.0,100.0 %
33,Aluno 33,29,(99) 9999-10031,Masculino,Mensal,2024-01-03,1,Cartão,0,11.0,9.0,0,1,1,1,1,1,1,1,1,0.0,0,1,0,0.23383333333333334,23.38 %
34,Aluno 34,37,(99) 9999-10032,Feminino,Mensal,2024-01-25,1,Cartão,0,11.0,11.0,0,1,1,1,1,1,1,1,1,1.0,1,1,0,0.04499999999999999,4.5 %
35,Aluno 35,42,(99) 9999-10033,Feminino,Mensal,2024-01-17,1,Dinheiro,0,11.0,10.0,0,1,1,1,1,1,1,1,1,0.0,1,1,0,0.006666666666666666,0.67 %
36,Aluno 36,35,(99) 9999-10034,Masculino,Mensal,2024-01-25,1,Cartão,1,11.0,10.0,0,1,1,0,1,1,1,1,1,1.0,1,1,0,0.4021666666666668,40.22 %
37,Aluno 37,27,(99) 9999-10035,Masculino,Anual,2024-01-13,1,Cartão,0,11.0,11.0,0,1,1,1,1,1,1,1,1,1.0,1,1,0,0.01,1.0 %
38,Aluno 38,42,(99) 9999-10036,Masculino,Anual,2024-01-17,1,Cartão,0,11.0,11.0,0,1,1,1,1,1,1,1,1,1.0,1,1,0,0.05,5.0 %
39,Aluno 39,29,(99) 9999-10037,Feminino,Mensal,2024-01-01,1,Dinheiro,1,10.0,11.0,1,1,1,1,1,1,1,1,1,1.0,1,0,1,1.0,100.0 %
40,Aluno 40,28,(99) 9999-10038,Feminino,Mensal,2024-01-03,1,Pix,1,8.0,8.0,0,1,1,1,1,1,1,1,1,0.0,0,0,1,1.0,100.0 %
41,Aluno 41,21,(99) 9999-10039,Masculino,Mensal,2024-01-28,1,Pix,0,11.0,11.0,0,1,1,1,1,1,1,1,1,1.0,1,1,0,0.005,0.5 %
42,Aluno 42,37,(99) 9999-10040,Feminino,Anual,2024-01-22,1,Cartão,1,4.0,4.0,0,1,1,1,1,0,0,0,0,0.0,0,0,1,1.0,100.0 %
43,Aluno 43,38,(99) 9999-10041,Feminino,Anual,2024-01-08,1,Cartão,1,6.0,6.0,0,1,1,1,1,1,1,0,0,0.0,0,0,1,1.0,100.0 %
44,Aluno 44,48,(99) 9999-10042,Masculino,Mensal,2024-01-04,1,Pix,0,11.0,11.0,0,1,1,1,1,1,1,1,1,1.0,1,1,0,0.024166666666666666,2.42 %
45,Aluno 45,32,(99) 9999-10043,Feminino,Anual,2024-01-15,1,Cartão,1,5.0,5.0,0,1,1,1,1,1,0,0,0,0.0,0,0,1,1.0,100.0 %
46,Aluno 46,21,(99) 9999-10044,Masculino,Mensal,2024-01-13,1,Pix,0,11.0,11.0,0,1,1,1,1,1,1,1,1,1.0,1,1,0,0.005,0.5 %
47,Aluno 47,48,(99) 9999-10045,Masculino,Mensal,2024-01-07,1,Pix,0,11.0,11.0,0,1,1,1,1,1,1,1,1,1.0,1,1,0,0.024166666666666666,2.42 %
48,Aluno 48,35,(99) 9999-10046,Feminino,Anual,2024-01-06,1,Cartão,0,11.0,11.0,0,1,1,1,1,1,1,1,1,1.0,1,1,0,0.01,1.0 %
49,Aluno 49,29,(99) 9999-10047,Feminino,Mensal,2024-01-26,1,Dinheiro,0,11.0,11.0,0,1,1,1,1,1,1,1,1,1.0,1,1,0,0.09,9.0 %
50,Aluno 50,39,(99) 9999-10048,Masculino,Mensal,2024-01-18,1,Cartão,0,11.0,11.0,0,1,1,1,1,1,1,1,1,1.0,1,1,0,0.06999999999999999,7.0 %
51,Aluno 51,59,(99) 9999-10049,Masculino,Mensal,2024-01-14,1,Pix,0,11.0,11.0,0,1,1,1,1,1,1,1,1,1.0,1,1,0,0.04416666666666667,4.42 %
52,Aluno 52,28,(99) 9999-10050,Feminino,Anual,2024-01-02,1,Cartão,0,11.0,11.0,0,1,1,1,1,1,1,1,1,1.0,1,1,0,0.0,0.0 %
53,Aluno 53,18,(99) 9999-10051,Feminino,Anual,2024-01-09,1,Cartão,1,5.0,5.0,0,1,1,1,1,1,0,0,0,0.0,0,0,1,1.0,100.0 %
54,Aluno 54,47,(99) 9999-10052,Masculino,Anual,2024-01-14,1,Cartão,1,5.0,5.0,0,1,1,1,1,1,0,0,0,0.0,0,0,1,1.0,100.0 %
55,Aluno 55,44,(99) 9999-10053,Feminino,Anual,2024-01-05,1,Cartão,1,9.0,9.0,0,1,1,1,1,1,1,1,1,1.0,0,0,1,1.0,100.0 %
56,Aluno 56,28,(99) 9999-10054,Feminino,Mensal,2024-01-24,1,Cartão,1,10.0,10.0,0,1,1,1,1,1,1,1,1,1.0,1,0,1,1.0,100.0 %
57,Aluno 57,45,(99) 9999-10055,Feminino,Mensal,2024-01-19,1,Pix,0,11.0,11.0,0,1,1,1,1,1,1,1,1,1.0,1,1,0,0.1585,15.85 %
58,Aluno 58,55,(99) 9999-10056,Feminino,Mensal,2024-01-17,1,Pix,1,9.0,9.0,0,1,1,1,1,1,1,1,1,1.0,0,0,1,1.0,100.0 %
59,Aluno 59,27,(99) 9999-10057,Feminino,Mensal,2024-01-28,1,Cartão,0,11.0,11.0,0,1,1,1,1,1,1,1,1,1.0,1,1,0,0.16,16.0 %
60,Aluno 60,25,(99) 9999-10058,Feminino,Mensal,2024-01-20,1,Cartão,1,3.0,3.0,0,1,1,1,0,0,0,0,0,0.0,0,0,1,0.99,99.0 %
61,Aluno 61,23,(99) 9999-10059,Feminino,Anual,2024-01-09,1,Cartão,0,11.0,11.0,0,1,1,1,1,1,1,1,1,1.0,1,1,0,0.0,0.0 %
62,Aluno 62,44,(99) 9999-10060,Feminino,Mensal,2024-01-13,1,Dinheiro,0,11.0,11.0,0,1,1,1,1,1,1,1,1,1.0,1,1,0,0.0,0.0 %
63,Aluno 63,42,(99) 9999-10061,Feminino,Anual,2024-01-11,1,Cartão,1,9.0,9.0,0,1,1,1,1,1,1,1,1,1.0,0,0,1,1.0,100.0 %
64,Aluno 64,56,(99) 9999-10062,Masculino,Mensal,2024-01-20,1,Dinheiro,0,11.0,11.0,0,1,1,1,1,1,1,1,1,1.0,1,1,0,0.0,0.0 %
65,Aluno 65,60,(99) 9999-10063,Masculino,Mensal,2024-01-07,1,Cartão,1,8.0,8.0,0,1,1,1,1,1,1,1,1,0.0,0,0,1,0.98,98.0 %
66,Aluno 66,25,(99) 9999-10064,Feminino,Anual,2024-01-03,1,Cartão,1,2.0,2.0,0,1,1,0,0,0,0,0,0,0.0,0,0,1,1.0,100.0 %
67,Aluno 67,33,(99) 9999-10065,Masculino,Mensal,2024-01-27,1,Dinheiro,0,11.0,11.0,0,1,1,1,1,1,1,1,1,1.0,1,1,0,0.0175,1.75 %
68,Aluno 68,31,(99) 9999-10066,Feminino,Mensal,2024-01-27,1,Cartão,0,11.0,9.0,0,0,0,1,1,1,1,1,1,1.0,1,1,0,0.09,9.0 %
69,Aluno 69,56,(99) 9999-10067,Feminino,Mensal,2024-01-09,1,Pix,0,11.0,11.0,0,1,1,1,1,1,1,1,1,1.0,1,1,0,0.1585,15.85 %
70,Aluno 70,24,(99) 9999-10068,Feminino,Mensal,2024-01-10,1,Dinheiro,0,11.0,11.0,0,1,1,1,1,1,1,1,1,1.0,1,1,0,0.01,1.0 %
71,Aluno 71,44,(99) 9999-10069,Feminino,Mensal,2024-01-21,1,Cartão,0,11.0,11.0,0,1,1,1,1,1,1,1,1,1.0,1,1,0,0.08083333333333333,8.08 %
72,Aluno 72,37,(99) 9999-10070,Masculino,Anual,2024-01-28,1,Cartão,0,11.0,11.0,0,1,1,1,1,1,1,1,1,1.0,1,1,0,0.01,1.0 %
73,Aluno 73,41,(99) 9999-10071,Feminino,Anual,2024-01-02,1,Cartão,0,11.0,11.0,0,1,1,1,1,1,1,1,1,1.0,1,1,0,0.12,12.0 %
74,Aluno 74,46,(99) 9999-10072,Feminino,Anual,2024-01-06,1,Cartão,0,11.0,11.0,0,1,1,1,1,1,1,1,1,1.0,1,1,0,0.0,0.0 %
75,Aluno 75,39,(99) 9999-10073,Masculino,Anual,2024-01-18,1,Cartão,1,7.0,7.0,0,1,1,1,1,1,1,1,0,0.0,0,0,1,1.0,100.0 %
76,Aluno 76,22,(99) 9999-10074,Feminino,Mensal,2024-01-02,1,Cartão,0,11.0,11.0,0,1,1,1,1,1,1,1,1,1.0,1,1,0,0.16,16.0 %
77,Aluno 77,40,(99) 9999-10075,Masculino,Mensal,2024-01-05,1,Dinheiro,1,9.0,9.0,0,1,1,1,1,1,1,1,1,1.0,0,0,1,1.0,100.0 %
78,Aluno 78,33,(99) 9999-10076,Feminino,Mensal,2024-01-07,1,Dinheiro,0,11.0,11.0,0,1,1,1,1,1,1,1,1,1.0,1,1,0,0.0275,2.75 %
79,Aluno 79,42,(99) 9999-10077,Feminino,Anual,2024-01-25,1,Cartão,1,10.0,10.0,0,1,1,1,1,1,1,1,1,1.0,1,0,1,1.0,100.0 %
80,Aluno 80,52,(99) 9999-10078,Feminino,Mensal,2024-01-28,1,Pix,0,11.0,11.0,0,1,1,1,1,1,1,1,1,1.0,1,1,0,0.1585,15.85 %
81,Aluno 81,48,(99) 9999-10079,Feminino,Mensal,2024-01-01,1,Dinheiro,1,9.0,10.0,1,1,1,1,1,1,1,1,1,1.0,0,0,1,1.0,100.0 %
82,Aluno 82,56,(99) 9999-10080,Feminino,Anual,2024-01-26,1,Cartão,0,11.0,11.0,0,1,1,1,1,1,1,1,1,1.0,1,1,0,0.03,3.0 %
83,Aluno 83,45,(99) 9999-10081,Feminino,Mensal,2024-01-06,1,Dinheiro,0,11.0,11.0,0,1,1,1,1,1,1,1,1,1.0,1,1,0,0.0,0.0 %
84,Aluno 84,24,(99) 9999-10082,Masculino,Mensal,2024-01-08,1,Dinheiro,1,7.0,7.0,0,1,1,1,1,1,1,1,0,0.0,0,0,1,0.97,97.0 %
85,Aluno 85,55,(99) 9999-10083,Feminino,Anual,2024-01-10,1,Cartão,0,11.0,11.0,0,1,1,1,1,1,1,1,1,1.0,1,1,0,0.03,3.0 %
86,Aluno 86,52,(99) 9999-10084,Masculino,Mensal,2024-01-22,1,Pix,0,11.0,11.0,0,1,1,1,1,1,1,1,1,1.0,1,1,0,0.034166666666666665,3.42 %
87,Aluno 87,32,(99) 9999-10085,Feminino,Mensal,2024-01-12,1,Dinheiro,1,10.0,9.0,0,1,1,1,1,1,1,1,1,0.0,1,0,1,1.0,100.0 %
88,Aluno 88,34,(99) 9999-10086,Feminino,Anual,2024-01-01,1,Cartão,0,11.0,12.0,1,1,1,1,1,1,1,1,1,1.0,1,1,0,0.01,1.0 %
89,Aluno 89,59,(99) 9999-10087,Feminino,Mensal,2024-01-09,1,Cartão,0,11.0,11.0,0,1,1,1,1,1,1,1,1,1.0,1,1,0,0.02,2.0 %
90,Aluno 90,40,(99) 9999-10088,Feminino,Anual,2024-01-24,1,Cartão,1,7.0,7.0,0,1,1,1,1,1,1,1,0,0.0,0,0,1,1.0,100.0 %
91,Aluno 91,35,(99) 9999-10089,Masculino,Mensal,2024-01-19,1,Dinheiro,1,10.0,8.0,0,1,0,1,1,1,1,1,1,0.0,1,0,1,1.0,100.0 %
92,Aluno 92,20,(99) 9999-10090,Feminino,Anual,2024-01-01,1,Cartão,0,11.0,12.0,1,1,1,1,1,1,1,1,1,1.0,1,1,0,0.0,0.0 %
93,Aluno 93,48,(99) 9999-10091,Feminino,Mensal,2024-01-14,1,Dinheiro,0,11.0,11.0,0,1,1,1,1,1,1,1,1,1.0,1,1,0,0.0,0.0 %
94,Aluno 94,42,(99) 9999-10092,Feminino,Anual,2024-01-20,1,Cartão,1,9.0,9.0,0,1,1,1,1,1,1,1,1,1.0,0,0,1,1.0,100.0 %
95,Aluno 95,51,(99) 9999-10093,Feminino,Anual,2024-01-17,1,Cartão,0,11.0,11.0,0,1,1,1,1,1,1,1,1,1.0,1,1,0,0.01,1.0 %
96,Aluno 96,34,(99) 9999-10094,Feminino,Anual,2024-01-23,1,Cartão,1,8.0,8.0,0,1,1,1,1,1,1,1,1,0.0,0,0,1,1.0,100.0 %
97,Aluno 97,25,(99) 9999-10095,Feminino,Anual,2024-01-22,1,Cartão,1,2.0,2.0,0,1,1,0,0,0,0,0,0,0.0,0,0,1,1.0,100.0 %
98,Aluno 98,43,(99) 9999-10096,Masculino,Mensal,2024-01-19,1,Cartão,1,5.0,5.0,0,1,1,1,1,1,0,0,0,0.0,0,0,1,0.995,99.5 %
99,Aluno 99,39,(99) 9999-10097,Feminino,Mensal,2024-01-10,1,Dinheiro,1,7.0,7.0,0,1,1,1,1,1,1,1,0,0.0,0,0,1,1.0,100.0 %
100,Aluno 100,47,(99) 9999-10098,Feminino,Anual,2024-01-15,1,Cartão,0,11.0,11.0,0,1,1,1,1,1,1,1,1,1.0,1,1,0,0.0,0.0 %
101,Aluno 101,43,(99) 9999-10099,Feminino,Anual,2024-01-26,1,Cartão,0,11.0,11.0,0,1,1,1,1,1,1,1,1,1.0,1,1,0,0.30750000000000005,30.75 %
102,Aluno 102,47,(99) 9999-10100,Masculino,Mensal,2024-01-03,1,Cartão,0,11.0,11.0,0,1,1,1,1,1,1,1,1,1.0,1,1,0,0.14666666666666667,14.67 %
103,Aluno 103,42,(99) 9999-10101,Feminino,Mensal,2024-01-03,1,Pix,0,4.0,6.0,0,1,1,1,1,1,1,1,1,1.0,1,1,0,0.47845238095238096,47.85 %
104,Aluno 104,45,(99) 9999-10102,Masculino,Anual,2024-01-08,1,Cartão,1,5.0,5.0,0,1,1,1,1,1,0,0,0,0.0,0,0,1,1.0,100.0 %
105,Aluno 105,26,(99) 9999-10103,Masculino,Mensal,2024-01-16,1,Pix,1,7.0,7.0,0,1,1,1,1,1,1,1,0,0.0,0,0,1,0.98,98.0 %
106,Aluno 106,46,(99) 9999-10104,Feminino,Anual,2024-01-14,1,Cartão,0,11.0,11.0,0,1,1,1,1,1,1,1,1,1.0,1,1,0,0.0,0.0 %
107,Aluno 107,39,(99) 9999-10105,Masculino,Anual,2024-01-16,1,Cartão,0,11.0,11.0,0,1,1,1,1,1,1,1,1,1.0,1,1,0,0.01,1.0 %
108,Aluno 108,26,(99) 9999-10106,Feminino,Mensal,2024-01-25,1,Pix,0,11.0,11.0,0,1,1,1,1,1,1,1,1,1.0,1,1,0,0.15333333333333332,15.33 %
109,Aluno 109,27,(99) 9999-10107,Feminino,Anual,2024-01-02,1,Cartão,1,9.0,9.0,0,1,1,1,1,1,1,1,1,1.0,0,0,1,1.0,100.0 %
110,Aluno 110,55,(99) 9999-10108,Feminino,Mensal,2024-01-05,1,Dinheiro,1,5.0,5.0,0,1,1,1,1,1,0,0,0,0.0,0,0,1,0.99,99.0 %
111,Aluno 111,42,(99) 9999-10109,Masculino,Anual,2024-01-25,1,Cartão,1,6.0,6.0,0,1,1,1,1,1,1,0,0,0.0,0,0,1,1.0,100.0 %
112,Aluno 112,41,(99) 9999-10110,Masculino,Anual,2024-01-27,1,Cartão,0,11.0,11.0,0,1,1,1,1,1,1,1,1,1.0,1,1,0,0.03,3.0 %
113,Aluno 113,35,(99) 9999-10111,Masculino,Mensal,2024-01-28,1,Cartão,0,11.0,11.0,0,1,1,1,1,1,1,1,1,1.0,1,1,0,0.4021666666666668,40.22 %
114,Aluno 114,29,(99) 9999-10112,Feminino,Mensal,2024-01-09,1,Cartão,1,11.0,11.0,0,1,1,1,1,1,1,1,1,1.0,1,1,1,0.63,63.0 %
115,Aluno 115,38,(99) 9999-10113,Masculino,Mensal,2024-01-15,1,Dinheiro,1,4.0,4.0,0,1,1,1,1,0,0,0,0,0.0,0,0,1,0.99,99.0 %
116,Aluno 116,30,(99) 9999-10114,Feminino,Anual,2024-01-11,1,Cartão,1,4.0,4.0,0,1,1,1,1,0,0,0,0,0.0,0,0,1,1.0,100.0 %
117,Aluno 117,38,(99) 9999-10115,Feminino,Mensal,2024-01-08,1,Pix,1,11.0,10.0,0,1,1,0,1,1,1,1,1,1.0,1,1,1,0.6325,63.25 %
118,Aluno 118,26,(99) 9999-10116,Feminino,Mensal,2024-01-14,1,Pix,0,11.0,11.0,0,1,1,1,1,1,1,1,1,1.0,1,1,0,0.15333333333333332,15.33 %
119,Aluno 119,38,(99) 9999-10117,Feminino,Anual,2024-01-02,1,Cartão,1,6.0,6.0,0,1,1,1,1,1,1,0,0,0.0,0,0,1,1.0,100.0 %
120,Aluno 120,34,(99) 9999-10118,Feminino,Mensal,2024-01-13,1,Cartão,1,5.0,5.0,0,1,1,1,1,1,0,0,0,0.0,0,0,1,1.0,100.0 %
121,Aluno 121,57,(99) 9999-10119,Feminino,Anual,2024-01-25,1,Cartão,0,11.0,11.0,0,1,1,1,1,1,1,1,1,1.0,1,1,0,0.03,3.0 %
122,Aluno 122,54,(99) 9999-10120,Feminino,Anual,2024-01-18,1,Cartão,0,11.0,11.0,0,1,1,1,1,1,1,1,1,1.0,1,1,0,0.03,3.0 %
123,Aluno 123,38,(99) 9999-10121,Masculino,Mensal,2024-01-08,1,Dinheiro,1,2.0,2.0,0,1,1,0,0,0,0,0,0,0.0,0,0,1,0.99,99.0 %
124,Aluno 124,37,(99) 9999-10122,Feminino,Anual,2024-01-11,1,Cartão,0,11.0,11.0,0,1,1,1,1,1,1,1,1,1.0,1,1,0,0.0,0.0 %
125,Aluno 125,48,(99) 9999-10123,Feminino,Mensal,2024-01-05,1,Dinheiro,1,7.0,7.0,0,1,1,1,1,1,1,1,0,0.0,0,0,1,1.0,100.0 %
126,Aluno 126,38,(99) 9999-10124,Masculino,Anual,2024-01-19,1,Cartão,0,11.0,11.0,0,1,1,1,1,1,1,1,1,1.0,1,1,0,0.01,1.0 %
127,Aluno 127,19,(99) 9999-10125,Feminino,Anual,2024-01-05,1,Cartão,0,11.0,11.0,0,1,1,1,1,1,1,1,1,1.0,1,1,0,0.0,0.0 %
128,Aluno 128,27,(99) 9999-10126,Masculino,Anual,2024-01-13,1,Cartão,0,11.0,11.0,0,1,1,1,1,1,1,1,1,1.0,1,1,0,0.01,1.0 %
129,Aluno 129,36,(99) 9999-10127,Feminino,Anual,2024-01-25,1,Cartão,0,11.0,11.0,0,1,1,1,1,1,1,1,1,1.0,1,1,0,0.0,0.0 %
126,Aluno 126,33,(99) 9999-10518,Feminino,Mensal,2024-05-15,5,Dinheiro,0,4.0,3.0,0,0,0,0,0,0,0,1,0,-1.0,1,1,0,0.4847222222222223,48.47 %
131,Aluno 131,36,(99) 9999-10129,Masculino,Mensal,2024-01-08,1,Dinheiro,1,6.0,6.0,0,1,1,1,1,1,1,0,0,0.0,0,0,1,1.0,100.0 %
132,Aluno 132,46,(99) 9999-10130,Feminino,Mensal,2024-01-08,1,Pix,0,11.0,11.0,0,1,1,1,1,1,1,1,1,1.0,1,1,0,0.14849999999999997,14.85 %
133,Aluno 133,19,(99) 9999-10131,Feminino,Mensal,2024-01-05,1,Pix,1,5.0,4.0,0,1,1,1,0,1,0,0,0,0.0,0,0,1,1.0,100.0 %
134,Aluno 134,25,(99) 9999-10132,Feminino,Mensal,2024-01-23,1,Dinheiro,0,11.0,11.0,0,1,1,1,1,1,1,1,1,1.0,1,1,0,0.01,1.0 %
135,Aluno 135,33,(99) 9999-10133,Feminino,Mensal,2024-01-10,1,Pix,1,5.0,4.0,0,1,1,1,0,1,0,0,0,0.0,0,0,1,1.0,100.0 %
136,Aluno 136,19,(99) 9999-10134,Feminino,Anual,2024-01-19,1,Cartão,0,11.0,11.0,0,1,1,1,1,1,1,1,1,1.0,1,1,0,0.0,0.0 %
137,Aluno 137,58,(99) 9999-10135,Feminino,Anual,2024-01-23,1,Cartão,1,7.0,7.0,0,1,1,1,1,1,1,1,0,0.0,0,0,1,0.99,99.0 %
138,Aluno 138,40,(99) 9999-10136,Feminino,Mensal,2024-01-23,1,Pix,0,11.0,11.0,0,1,1,1,1,1,1,1,1,1.0,1,1,0,0.24850000000000005,24.85 %
139,Aluno 139,51,(99) 9999-10137,Masculino,Mensal,2024-01-26,1,Cartão,0,11.0,11.0,0,1,1,1,1,1,1,1,1,1.0,1,1,0,0.12,12.0 %
140,Aluno 140,38,(99) 9999-10138,Feminino,Anual,2024-01-03,1,Cartão,0,11.0,11.0,0,1,1,1,1,1,1,1,1,1.0,1,1,0,0.0,0.0 %
141,Aluno 141,32,(99) 9999-10139,Feminino,Anual,2024-01-27,1,Cartão,0,11.0,11.0,0,1,1,1,1,1,1,1,1,1.0,1,1,0,0.0,0.0 %
142,Aluno 142,35,(99) 9999-10140,Feminino,Anual,2024-01-21,1,Cartão,0,11.0,11.0,0,1,1,1,1,1,1,1,1,1.0,1,1,0,0.01,1.0 %
143,Aluno 143,36,(99) 9999-10141,Masculino,Mensal,2024-01-06,1,Dinheiro,1,6.0,6.0,0,1,1,1,1,1,1,0,0,0.0,0,0,1,1.0,100.0 %
144,Aluno 144,58,(99) 9999-10142,Masculino,Anual,2024-01-20,1,Cartão,1,10.0,10.0,0,1,1,1,1,1,1,1,1,1.0,1,0,1,1.0,100.0 %
145,Aluno 145,38,(99) 9999-10143,Masculino,Anual,2024-01-15,1,Cartão,1,3.0,3.0,0,1,1,1,0,0,0,0,0,0.0,0,0,1,0.99,99.0 %
146,Aluno 146,44,(99) 9999-10144,Feminino,Anual,2024-01-11,1,Cartão,1,11.0,11.0,0,1,1,1,1,1,1,1,1,1.0,1,1,0,0.402,40.2 %
147,Aluno 147,50,(99) 9999-10145,Masculino,Mensal,2024-01-15,1,Dinheiro,0,11.0,11.0,0,1,1,1,1,1,1,1,1,1.0,1,1,0,0.01,1.0 %
148,Aluno 148,36,(99) 9999-10146,Feminino,Anual,2024-01-11,1,Cartão,0,11.0,11.0,0,1,1,1,1,1,1,1,1,1.0,1,1,0,0.0,0.0 %
149,Aluno 149,51,(99) 9999-10147,Feminino,Mensal,2024-01-07,1,Dinheiro,1,4.0,4.0,0,1,1,1,1,0,0,0,0,0.0,0,0,1,0.99,99.0 %
150,Aluno 150,29,(99) 9999-10148,Feminino,Anual,2024-01-20,1,Cartão,0,11.0,11.0,0,1,1,1,1,1,1,1,1,1.0,1,1,0,0.02,2.0 %
151,Aluno 151,30,(99) 9999-10149,Masculino,Mensal,2024-01-07,1,Cartão,1,9.0,9.0,0,1,1,1,1,1,1,1,1,1.0,0,0,1,1.0,100.0 %
152,Aluno 152,44,(99) 9999-10150,Feminino,Anual,2024-01-18,1,Cartão,0,11.0,11.0,0,1,1,1,1,1,1,1,1,1.0,1,1,0,0.402,40.2 %
153,Aluno 153,43,(99) 9999-10151,Masculino,Anual,2024-01-15,1,Cartão,1,8.0,8.0,0,1,1,1,1,1,1,1,1,0.0,0,0,1,1.0,100.0 %
154,Aluno 154,23,(99) 9999-10152,Masculino,Mensal,2024-01-23,1,Dinheiro,1,5.0,4.0,0,1,1,1,0,1,0,0,0,0.0,0,0,1,0.995,99.5 %
155,Aluno 155,42,(99) 9999-10153,Feminino,Anual,2024-01-16,1,Cartão,0,11.0,11.0,0,1,1,1,1,1,1,1,1,1.0,1,1,1,0.6033333333333334,60.33 %
156,Aluno 156,32,(99) 9999-10154,Feminino,Anual,2024-01-12,1,Cartão,0,11.0,11.0,0,1,1,1,1,1,1,1,1,1.0,1,1,0,0.0,0.0 %
157,Aluno 157,30,(99) 9999-10155,Masculino,Anual,2024-01-08,1,Cartão,0,11.0,11.0,0,1,1,1,1,1,1,1,1,1.0,1,1,0,0.0,0.0 %
158,Aluno 158,27,(99) 9999-10156,Feminino,Mensal,2024-01-18,1,Pix,1,6.0,6.0,0,1,1,1,1,1,1,0,0,0.0,0,0,1,1.0,100.0 %
159,Aluno 159,43,(99) 9999-10157,Masculino,Mensal,2024-01-24,1,Pix,0,11.0,11.0,0,1,1,1,1,1,1,1,1,1.0,1,1,0,0.12428571428571428,12.43 %
160,Aluno 160,44,(99) 9999-10158,Feminino,Anual,2024-01-04,1,Cartão,0,11.0,11.0,0,1,1,1,1,1,1,1,1,1.0,1,1,0,0.402,40.2 %
161,Aluno 161,30,(99) 9999-10159,Masculino,Anual,2024-01-06,1,Cartão,0,11.0,11.0,0,1,1,1,1,1,1,1,1,1.0,1,1,0,0.0,0.0 %
162,Aluno 162,44,(99) 9999-10160,Feminino,Mensal,2024-01-02,1,Dinheiro,1,5.0,4.0,0,1,1,1,0,1,0,0,0,0.0,0,0,1,0.995,99.5 %
163,Aluno 163,39,(99) 9999-10161,Masculino,Mensal,2024-01-28,1,Pix,1,6.0,6.0,0,1,1,1,1,1,1,0,0,0.0,0,0,1,0.99,99.0 %
164,Aluno 164,24,(99) 9999-10162,Masculino,Mensal,2024-01-10,1,Cartão,0,11.0,11.0,0,1,1,1,1,1,1,1,1,1.0,1,1,0,0.073,7.3 %
165,Aluno 165,35,(99) 9999-10163,Feminino,Mensal,2024-01-09,1,Pix,0,11.0,11.0,0,1,1,1,1,1,1,1,1,1.0,1,1,1,0.5591666666666666,55.92 %
166,Aluno 166,36,(99) 9999-10164,Masculino,Mensal,2024-01-16,1,Dinheiro,0,11.0,11.0,0,1,1,1,1,1,1,1,1,1.0,1,1,0,0.026666666666666665,2.67 %
167,Aluno 167,41,(99) 9999-10165,Feminino,Mensal,2024-01-05,1,Pix,0,11.0,11.0,0,1,1,1,1,1,1,1,1,1.0,1,1,1,0.5272857142857141,52.73 %
168,Aluno 168,57,(99) 9999-10166,Masculino,Mensal,2024-01-04,1,Pix,0,11.0,11.0,0,1,1,1,1,1,1,1,1,1.0,1,1,0,0.04416666666666667,4.42 %
169,Aluno 169,34,(99) 9999-10167,Feminino,Mensal,2024-01-13,1,Pix,1,5.0,5.0,0,1,1,1,1,1,0,0,0,0.0,0,0,1,1.0,100.0 %
170,Aluno 170,35,(99) 9999-10168,Feminino,Anual,2024-01-10,1,Cartão,1,10.0,10.0,0,1,1,1,1,1,1,1,1,1.0,1,0,1,1.0,100.0 %
171,Aluno 171,21,(99) 9999-10169,Feminino,Mensal,2024-01-21,1,Pix,1,4.0,4.0,0,1,1,1,1,0,0,0,0,0.0,0,0,1,0.9503333333333334,95.03 %
172,Aluno 172,42,(99) 9999-10170,Feminino,Mensal,2024-01-06,1,Pix,1,7.0,7.0,0,1,1,1,1,1,1,1,0,0.0,0,0,1,1.0,100.0 %
173,Aluno 173,26,(99) 9999-10171,Feminino,Anual,2024-01-15,1,Cartão,1,5.0,5.0,0,1,1,1,1,1,0,0,0,0.0,0,0,1,1.0,100.0 %
174,Aluno 174,36,(99) 9999-10172,Feminino,Mensal,2024-01-10,1,Pix,1,9.0,8.0,0,1,1,1,0,1,1,1,1,1.0,0,0,1,1.0,100.0 %
175,Aluno 175,43,(99) 9999-10173,Masculino,Anual,2024-01-03,1,Cartão,0,11.0,11.0,0,1,1,1,1,1,1,1,1,1.0,1,1,0,0.095,9.5 %
176,Aluno 176,56,(99) 9999-10174,Feminino,Mensal,2024-01-04,1,Dinheiro,0,11.0,11.0,0,1,1,1,1,1,1,1,1,1.0,1,1,0,0.0,0.0 %
177,Aluno 177,42,(99) 9999-10175,Feminino,Anual,2024-01-27,1,Cartão,1,11.0,11.0,0,1,1,1,1,1,1,1,1,1.0,1,1,1,0.6033333333333334,60.33 %
178,Aluno 178,21,(99) 9999-10176,Feminino,Anual,2024-01-20,1,Cartão,1,6.0,6.0,0,1,1,1,1,1,1,0,0,0.0,0,0,1,1.0,100.0 %
179,Aluno 179,39,(99) 9999-10177,Masculino,Anual,2024-01-15,1,Cartão,0,11.0,11.0,0,1,1,1,1,1,1,1,1,1.0,1,1,0,0.01,1.0 %
180,Aluno 180,43,(99) 9999-10178,Feminino,Anual,2024-01-09,1,Cartão,1,10.0,10.0,0,1,1,1,1,1,1,1,1,1.0,1,0,1,1.0,100.0 %
181,Aluno 181,37,(99) 9999-10179,Feminino,Mensal,2024-01-02,1,Cartão,0,11.0,11.0,0,1,1,1,1,1,1,1,1,1.0,1,1,0,0.04499999999999999,4.5 %
182,Aluno 182,45,(99) 9999-10180,Masculino,Anual,2024-01-01,1,Cartão,0,11.0,12.0,1,1,1,1,1,1,1,1,1,1.0,1,1,1,0.645,64.5 %
183,Aluno 183,58,(99) 9999-10181,Feminino,Mensal,2024-01-27,1,Cartão,0,11.0,11.0,0,1,1,1,1,1,1,1,1,1.0,1,1,0,0.01,1.0 %
184,Aluno 184,20,(99) 9999-10182,Feminino,Mensal,2024-01-17,1,Dinheiro,1,2.0,2.0,0,1,1,0,0,0,0,0,0,0.0,0,0,1,1.0,100.0 %
185,Aluno 185,55,(99) 9999-10183,Feminino,Mensal,2024-01-14,1,Cartão,0,11.0,11.0,0,1,1,1,1,1,1,1,1,1.0,1,1,0,0.01,1.0 %
186,Aluno 186,37,(99) 9999-10184,Feminino,Mensal,2024-01-12,1,Dinheiro,0,11.0,10.0,0,1,1,1,1,1,0,1,1,1.0,1,1,0,0.175,17.5 %
187,Aluno 187,31,(99) 9999-10185,Feminino,Mensal,2024-01-11,1,Pix,0,11.0,11.0,0,1,1,1,1,1,1,1,1,1.0,1,1,0,0.21833333333333335,21.83 %
188,Aluno 188,37,(99) 9999-10186,Feminino,Anual,2024-01-27,1,Cartão,0,11.0,11.0,0,1,1,1,1,1,1,1,1,1.0,1,1,0,0.0,0.0 %
189,Aluno 189,20,(99) 9999-10187,Masculino,Mensal,2024-01-09,1,Dinheiro,1,10.0,9.0,0,1,1,1,1,1,1,1,1,0.0,1,0,1,0.97,97.0 %
190,Aluno 190,59,(99) 9999-10188,Feminino,Anual,2024-01-28,1,Cartão,0,11.0,11.0,0,1,1,1,1,1,1,1,1,1.0,1,1,0,0.06666666666666667,6.67 %
191,Aluno 191,60,(99) 9999-10189,Feminino,Anual,2024-01-14,1,Cartão,0,11.0,11.0,0,1,1,1,1,1,1,1,1,1.0,1,1,0,0.466,46.6 %
192,Aluno 192,38,(99) 9999-10190,Feminino,Anual,2024-01-21,1,Cartão,0,11.0,11.0,0,1,1,1,1,1,1,1,1,1.0,1,1,0,0.0,0.0 %
193,Aluno 193,21,(99) 9999-10191,Feminino,Anual,2024-01-18,1,Cartão,1,5.0,5.0,0,1,1,1,1,1,0,0,0,0.0,0,0,1,1.0,100.0 %
194,Aluno 194,30,(99) 9999-10192,Feminino,Anual,2024-01-04,1,Cartão,0,11.0,11.0,0,1,1,1,1,1,1,1,1,1.0,1,1,0,0.0,0.0 %
195,Aluno 195,41,(99) 9999-10193,Feminino,Mensal,2024-01-06,1,Cartão,0,11.0,11.0,0,1,1,1,1,1,1,1,1,1.0,1,1,0,0.025,2.5 %
196,Aluno 196,18,(99) 9999-10194,Feminino,Anual,2024-01-03,1,Cartão,0,11.0,11.0,0,1,1,1,1,1,1,1,1,1.0,1,1,0,0.0,0.0 %
197,Aluno 197,50,(99) 9999-10195,Feminino,Mensal,2024-01-04,1,Dinheiro,0,11.0,11.0,0,1,1,1,1,1,1,1,1,1.0,1,1,0,0.0,0.0 %
198,Aluno 198,26,(99) 9999-10196,Feminino,Anual,2024-01-17,1,Cartão,0,11.0,11.0,0,1,1,1,1,1,1,1,1,1.0,1,1,0,0.0,0.0 %
199,Aluno 199,34,(99) 9999-10197,Masculino,Anual,2024-01-16,1,Cartão,1,5.0,5.0,0,1,1,1,1,1,0,0,0,0.0,0,0,1,1.0,100.0 %
200,Aluno 200,39,(99) 9999-10198,Feminino,Anual,2024-01-07,1,Cartão,1,3.0,3.0,0,1,1,1,0,0,0,0,0,0.0,0,0,1,1.0,100.0 %
201,Aluno 201,37,(99) 9999-10199,Masculino,Mensal,2024-02-25,2,Pix,0,10.0,10.0,0,0,1,1,1,1,1,1,1,1.0,1,1,0,0.03,3.0 %
202,Aluno 202,34,(99) 9999-10200,Masculino,Anual,2024-01-10,1,Cartão,0,11.0,11.0,0,1,1,1,1,1,1,1,1,1.0,1,1,0,0.02,2.0 %
203,Aluno 203,50,(99) 9999-10201,Masculino,Anual,2024-01-15,1,Cartão,1,11.0,11.0,0,1,1,1,1,1,1,1,1,1.0,1,1,1,0.78,78.0 %
204,Aluno 204,32,(99) 9999-10202,Feminino,Anual,2024-02-11,2,Cartão,0,10.0,10.0,0,0,1,1,1,1,1,1,1,1.0,1,1,0,0.0,0.0 %
205,Aluno 205,59,(99) 9999-10203,Masculino,Mensal,2024-02-08,2,Pix,1,5.0,5.0,0,0,1,1,1,1,1,0,0,0.0,0,0,1,0.99,99.0 %
206,Aluno 206,34,(99) 9999-10204,Masculino,Anual,2024-12-16,12,Cartão,0,0.0,0.0,0,0,0,0,0,0,0,0,0,0.0,0,0,0,0.08,8.0 %
207,Aluno 207,48,(99) 9999-10205,Masculino,Anual,2024-12-26,12,Cartão,0,2.0,2.0,0,0,0,0,0,0,0,0,0,0.0,0,0,0,0.2695,26.95 %
208,Aluno 208,59,(99) 9999-10206,Masculino,Anual,2024-01-05,1,Cartão,1,9.0,9.0,0,1,1,1,1,1,1,1,1,1.0,0,0,1,0.99,99.0 %
209,Aluno 209,40,(99) 9999-10207,Feminino,Mensal,2024-01-17,1,Dinheiro,1,7.0,7.0,0,1,1,1,1,1,1,1,0,0.0,0,0,1,1.0,100.0 %
210,Aluno 210,18,(99) 9999-10208,Masculino,Mensal,2024-12-05,12,Dinheiro,0,0.0,0.0,0,0,0,0,0,0,0,0,0,0.0,0,0,0,0.22,22.0 %
211,Aluno 211,47,(99) 9999-10209,Feminino,Anual,2024-02-20,2,Cartão,1,8.0,8.0,0,0,1,1,1,1,1,1,1,1.0,0,0,1,1.0,100.0 %
212,Aluno 212,42,(99) 9999-10210,Feminino,Anual,2024-12-28,12,Cartão,0,0.0,0.0,0,0,0,0,0,0,0,0,0,0.0,0,0,0,0.0,0.0 %
213,Aluno 213,58,(99) 9999-10211,Feminino,Anual,2024-12-02,12,Cartão,0,0.0,0.0,0,0,0,0,0,0,0,0,0,0.0,0,0,0,0.02,2.0 %
214,Aluno 214,29,(99) 9999-10212,Feminino,Anual,2024-01-24,1,Cartão,1,7.0,7.0,0,1,1,1,1,1,1,1,0,0.0,0,0,1,1.0,100.0 %
215,Aluno 215,59,(99) 9999-10213,Feminino,Mensal,2024-01-23,1,Dinheiro,0,11.0,11.0,0,1,1,1,1,1,1,1,1,1.0,1,1,0,0.0,0.0 %
216,Aluno 216,19,(99) 9999-10214,Feminino,Anual,2024-01-10,1,Cartão,0,11.0,11.0,0,1,1,1,1,1,1,1,1,1.0,1,1,0,0.0,0.0 %
217,Aluno 217,35,(99) 9999-10215,Feminino,Mensal,2024-02-19,2,Cartão,0,10.0,10.0,0,0,1,1,1,1,1,1,1,1.0,1,1,0,0.06666666666666667,6.67 %
218,Aluno 218,27,(99) 9999-10216,Feminino,Mensal,2024-05-15,5,Dinheiro,0,4.0,3.0,0,0,0,0,0,0,0,0,0,0.0,0,0,1,0.935,93.5 %
219,Aluno 219,43,(99) 9999-10217,Feminino,Anual,2024-12-05,12,Cartão,0,0.0,0.0,0,0,0,0,0,0,0,0,0,0.0,0,0,0,0.0,0.0 %
220,Aluno 220,41,(99) 9999-10218,Feminino,Anual,2024-02-22,2,Cartão,0,10.0,10.0,0,0,1,1,1,1,1,1,1,1.0,1,1,0,0.03,3.0 %
221,Aluno 221,48,(99) 9999-10219,Feminino,Mensal,2024-07-15,7,Pix,0,5.0,4.0,0,0,0,0,0,0,0,0,0,0.0,0,0,1,0.7245357142857144,72.45 %
222,Aluno 222,35,(99) 9999-10220,Feminino,Anual,2024-12-10,12,Cartão,0,0.0,0.0,0,0,0,0,0,0,0,0,0,0.0,0,0,0,0.02,2.0 %
223,Aluno 223,35,(99) 9999-10221,Feminino,Anual,2024-02-28,2,Cartão,1,8.0,8.0,0,0,1,1,1,1,1,1,1,1.0,0,0,1,1.0,100.0 %
224,Aluno 224,60,(99) 9999-10222,Feminino,Anual,2024-01-08,1,Cartão,1,11.0,11.0,0,1,1,1,1,1,1,1,1,1.0,1,1,0,0.466,46.6 %
225,Aluno 225,32,(99) 9999-10223,Feminino,Anual,2024-12-10,12,Cartão,0,0.0,0.0,0,0,0,0,0,0,0,0,0,0.0,0,0,0,0.04,4.0 %
226,Aluno 226,50,(99) 9999-10224,Feminino,Anual,2024-02-01,2,Cartão,0,10.0,11.0,0,1,1,1,1,1,1,1,1,1.0,1,1,0,0.02,2.0 %
227,Aluno 227,43,(99) 9999-10225,Feminino,Mensal,2024-12-16,12,Cartão,0,0.0,0.0,0,0,0,0,0,0,0,0,0,0.0,0,0,0,0.05541666666666667,5.54 %
228,Aluno 228,54,(99) 9999-10226,Masculino,Mensal,2024-02-08,2,Pix,1,1.0,1.0,0,0,1,0,0,0,0,0,0,0.0,0,0,1,0.9122499999999999,91.22 %
229,Aluno 229,41,(99) 9999-10227,Feminino,Mensal,2024-01-21,1,Pix,1,11.0,11.0,0,1,1,1,1,1,1,1,1,1.0,1,1,1,0.5272857142857141,52.73 %
230,Aluno 230,31,(99) 9999-10228,Feminino,Anual,2024-01-19,1,Cartão,1,6.0,6.0,0,1,1,1,1,1,1,0,0,0.0,0,0,1,1.0,100.0 %
231,Aluno 231,25,(99) 9999-10229,Feminino,Anual,2024-02-24,2,Cartão,0,10.0,10.0,0,0,1,1,1,1,1,1,1,1.0,1,1,0,0.0,0.0 %
232,Aluno 232,27,(99) 9999-10230,Feminino,Anual,2024-12-17,12,Cartão,0,0.0,0.0,0,0,0,0,0,0,0,0,0,0.0,0,0,0,0.03,3.0 %
233,Aluno 233,50,(99) 9999-10231,Masculino,Anual,2024-02-26,2,Cartão,0,10.0,10.0,0,0,1,1,1,1,1,1,1,1.0,1,1,0,0.32,32.0 %
234,Aluno 234,52,(99) 9999-10232,Feminino,Mensal,2024-01-05,1,Dinheiro,0,11.0,11.0,0,1,1,1,1,1,1,1,1,1.0,1,1,0,0.0,0.0 %
235,Aluno 235,28,(99) 9999-10233,Masculino,Anual,2024-12-12,12,Cartão,0,0.0,0.0,0,0,0,0,0,0,0,0,0,0.0,0,0,0,0.03,3.0 %
236,Aluno 236,34,(99) 9999-10234,Feminino,Anual,2024-12-04,12,Cartão,0,0.0,0.0,0,0,0,0,0,0,0,0,0,0.0,0,0,0,0.04,4.0 %
237,Aluno 237,43,(99) 9999-10235,Feminino,Anual,2024-12-13,12,Cartão,0,0.0,0.0,0,0,0,0,0,0,0,0,0,0.0,0,0,0,0.0,0.0 %
238,Aluno 238,57,(99) 9999-10236,Masculino,Mensal,2024-01-16,1,Cartão,0,11.0,11.0,0,1,1,1,1,1,1,1,1,1.0,1,1,0,0.02,2.0 %
239,Aluno 239,53,(99) 9999-10237,Feminino,Anual,2024-12-08,12,Cartão,0,0.0,0.0,0,0,0,0,0,0,0,0,0,0.0,0,0,0,0.04,4.0 %
240,Aluno 240,41,(99) 9999-10238,Feminino,Anual,2024-12-10,12,Cartão,0,0.0,0.0,0,0,0,0,0,0,0,0,0,0.0,0,0,0,0.0,0.0 %
241,Aluno 241,25,(99) 9999-10239,Feminino,Mensal,2024-02-16,2,Pix,0,10.0,10.0,0,0,1,1,1,1,1,1,1,1.0,1,1,0,0.04,4.0 %
242,Aluno 242,29,(99) 9999-10240,Feminino,Mensal,2024-02-12,2,Dinheiro,0,10.0,8.0,0,0,1,1,1,1,1,1,0,0.0,1,1,0,0.01,1.0 %
243,Aluno 243,45,(99) 9999-10241,Feminino,Anual,2024-12-24,12,Cartão,0,0.0,0.0,0,0,0,0,0,0,0,0,0,0.0,0,0,0,0.02,2.0 %
244,Aluno 244,53,(99) 9999-10242,Masculino,Mensal,2024-12-14,12,Dinheiro,0,0.0,0.0,0,0,0,0,0,0,0,0,0,0.0,0,0,0,0.1720833333333333,17.21 %
245,Aluno 245,30,(99) 9999-10243,Masculino,Anual,2024-01-15,1,Cartão,0,11.0,11.0,0,1,1,1,1,1,1,1,1,1.0,1,1,0,0.0,0.0 %
246,Aluno 246,29,(99) 9999-10244,Feminino,Anual,2024-01-22,1,Cartão,0,11.0,11.0,0,1,1,1,1,1,1,1,1,1.0,1,1,0,0.02,2.0 %
247,Aluno 247,54,(99) 9999-10245,Feminino,Anual,2024-01-13,1,Cartão,1,10.0,10.0,0,1,1,1,1,1,1,1,1,1.0,1,0,1,1.0,100.0 %
248,Aluno 248,58,(99) 9999-10246,Feminino,Anual,2024-01-22,1,Cartão,0,11.0,11.0,0,1,1,1,1,1,1,1,1,1.0,1,1,0,0.03,3.0 %
249,Aluno 249,41,(99) 9999-10247,Feminino,Mensal,2024-02-08,2,Pix,1,5.0,5.0,0,0,1,1,1,1,1,0,0,0.0,0,0,1,1.0,100.0 %
250,Aluno 250,47,(99) 9999-10248,Masculino,Mensal,2024-12-07,12,Pix,0,0.0,0.0,0,0,0,0,0,0,0,0,0,0.0,0,0,0,0.22991666666666663,22.99 %
251,Aluno 251,49,(99) 9999-10249,Feminino,Mensal,2024-01-26,1,Dinheiro,0,11.0,11.0,0,1,1,1,1,1,1,1,1,1.0,1,1,0,0.0,0.0 %
252,Aluno 252,18,(99) 9999-10250,Masculino,Mensal,2024-12-09,12,Pix,1,0.0,0.0,0,0,0,0,0,0,0,0,0,0.0,0,0,1,0.6933333333333332,69.33 %
253,Aluno 253,25,(99) 9999-10251,Masculino,Mensal,2024-01-12,1,Pix,0,11.0,10.0,0,1,1,1,1,0,1,1,1,1.0,1,1,0,0.045,4.5 %
254,Aluno 254,29,(99) 9999-10252,Masculino,Anual,2024-01-06,1,Cartão,1,10.0,10.0,0,1,1,1,1,1,1,1,1,1.0,1,0,1,1.0,100.0 %
255,Aluno 255,25,(99) 9999-10253,Feminino,Anual,2024-12-04,12,Cartão,0,0.0,0.0,0,0,0,0,0,0,0,0,0,0.0,0,0,0,0.07,7.0 %
256,Aluno 256,36,(99) 9999-10254,Masculino,Anual,2024-12-19,12,Cartão,0,0.0,0.0,0,0,0,0,0,0,0,0,0,0.0,0,0,0,0.07,7.0 %
257,Aluno 257,37,(99) 9999-10255,Feminino,Mensal,2024-12-17,12,Cartão,0,0.0,0.0,0,0,0,0,0,0,0,0,0,0.0,0,0,0,0.06375,6.38 %
258,Aluno 258,42,(99) 9999-10256,Feminino,Mensal,2024-02-28,2,Pix,1,5.0,5.0,0,0,1,1,1,1,1,0,0,0.0,0,0,1,1.0,100.0 %
259,Aluno 259,43,(99) 9999-10257,Feminino,Anual,2024-12-15,12,Cartão,0,0.0,0.0,0,0,0,0,0,0,0,0,0,0.0,0,0,0,0.0,0.0 %
260,Aluno 260,23,(99) 9999-10258,Feminino,Mensal,2024-01-09,1,Pix,0,11.0,11.0,0,1,1,1,1,1,1,1,1,1.0,1,1,0,0.18333333333333332,18.33 %
261,Aluno 261,40,(99) 9999-10259,Feminino,Anual,2024-02-20,2,Cartão,0,10.0,10.0,0,0,1,1,1,1,1,1,1,1.0,1,1,0,0.02,2.0 %
262,Aluno 262,36,(99) 9999-10260,Feminino,Anual,2024-01-26,1,Cartão,1,9.0,9.0,0,1,1,1,1,1,1,1,1,1.0,0,0,1,1.0,100.0 %
263,Aluno 263,51,(99) 9999-10261,Masculino,Mensal,2024-02-08,2,Dinheiro,0,10.0,10.0,0,0,1,1,1,1,1,1,1,1.0,1,1,0,0.03,3.0 %
264,Aluno 264,49,(99) 9999-10262,Feminino,Anual,2024-02-24,2,Cartão,1,9.0,9.0,0,0,1,1,1,1,1,1,1,1.0,1,0,1,1.0,100.0 %
265,Aluno 265,35,(99) 9999-10263,Feminino,Anual,2024-02-05,2,Cartão,0,10.0,10.0,0,0,1,1,1,1,1,1,1,1.0,1,1,0,0.015,1.5 %
266,Aluno 266,36,(99) 9999-10264,Feminino,Mensal,2024-01-14,1,Pix,1,6.0,6.0,0,1,1,1,1,1,1,0,0,0.0,0,0,1,1.0,100.0 %
267,Aluno 267,45,(99) 9999-10265,Feminino,Mensal,2024-01-19,1,Cartão,0,11.0,11.0,0,1,1,1,1,1,1,1,1,1.0,1,1,0,0.025,2.5 %
268,Aluno 268,39,(99) 9999-10266,Masculino,Mensal,2024-02-28,2,Dinheiro,1,2.0,2.0,0,0,1,1,0,0,0,0,0,0.0,0,0,1,0.99,99.0 %
269,Aluno 269,45,(99) 9999-10267,Feminino,Mensal,2024-12-10,12,Dinheiro,0,0.0,0.0,0,0,0,0,0,0,0,0,0,0.0,0,0,0,0.13458333333333333,13.46 %
270,Aluno 270,39,(99) 9999-10268,Feminino,Mensal,2024-12-16,12,Pix,0,0.0,0.0,0,0,0,0,0,0,0,0,0,0.0,0,0,0,0.3320833333333333,33.21 %
271,Aluno 271,24,(99) 9999-10269,Feminino,Anual,2024-01-25,1,Cartão,1,5.0,5.0,0,1,1,1,1,1,0,0,0,0.0,0,0,1,1.0,100.0 %
272,Aluno 272,28,(99) 9999-10270,Feminino,Anual,2024-12-25,12,Cartão,0,0.0,0.0,0,0,0,0,0,0,0,0,0,0.0,0,0,0,0.02,2.0 %
273,Aluno 273,41,(99) 9999-10271,Masculino,Mensal,2024-12-27,12,Cartão,0,0.0,0.0,0,0,0,0,0,0,0,0,0,0.0,0,0,0,0.09375,9.38 %
274,Aluno 274,19,(99) 9999-10272,Feminino,Anual,2024-12-25,12,Cartão,0,0.0,0.0,0,0,0,0,0,0,0,0,0,0.0,0,0,0,0.2,20.0 %
275,Aluno 275,32,(99) 9999-10273,Feminino,Mensal,2024-01-19,1,Pix,0,11.0,11.0,0,1,1,1,1,1,1,1,1,1.0,1,1,0,0.20833333333333337,20.83 %
276,Aluno 276,22,(99) 9999-10274,Feminino,Mensal,2024-05-17,5,Pix,1,7.0,7.0,0,0,0,0,0,1,1,1,1,1.0,1,1,1,0.68,68.0 %
277,Aluno 277,34,(99) 9999-10275,Feminino,Anual,2024-03-12,3,Cartão,1,5.0,5.0,0,0,0,1,1,1,1,1,0,0.0,0,0,1,1.0,100.0 %
278,Aluno 278,31,(99) 9999-10276,Feminino,Mensal,2024-03-06,3,Pix,1,3.0,3.0,0,0,0,1,1,1,0,0,0,0.0,0,0,1,1.0,100.0 %
279,Aluno 279,21,(99) 9999-10277,Masculino,Mensal,2024-04-22,4,Dinheiro,0,8.0,6.0,0,0,0,0,1,1,1,1,1,0.0,0,1,0,0.11,11.0 %
280,Aluno 280,40,(99) 9999-10278,Feminino,Anual,2024-04-07,4,Cartão,1,8.0,8.0,0,0,0,0,1,1,1,1,1,1.0,1,1,1,0.63,63.0 %
281,Aluno 281,25,(99) 9999-10279,Masculino,Anual,2024-03-10,3,Cartão,0,9.0,9.0,0,0,0,1,1,1,1,1,1,1.0,1,1,0,0.0,0.0 %
282,Aluno 282,40,(99) 9999-10280,Feminino,Anual,2024-03-08,3,Cartão,1,7.0,7.0,0,0,0,1,1,1,1,1,1,1.0,0,0,1,1.0,100.0 %
283,Aluno 283,40,(99) 9999-10281,Feminino,Mensal,2024-04-07,4,Pix,0,8.0,8.0,0,0,0,0,1,1,1,1,1,1.0,1,1,0,0.12666666666666665,12.67 %
284,Aluno 284,45,(99) 9999-10282,Masculino,Anual,2024-04-04,4,Cartão,0,8.0,8.0,0,0,0,0,1,1,1,1,1,1.0,1,1,0,0.33,33.0 %
285,Aluno 285,45,(99) 9999-10283,Feminino,Mensal,2024-04-18,4,Pix,1,6.0,6.0,0,0,0,0,1,1,1,1,1,1.0,0,0,1,0.99,99.0 %
286,Aluno 286,37,(99) 9999-10284,Masculino,Anual,2024-03-13,3,Cartão,1,4.0,4.0,0,0,0,1,1,1,1,0,0,0.0,0,0,1,1.0,100.0 %
287,Aluno 287,20,(99) 9999-10285,Masculino,Mensal,2024-03-28,3,Dinheiro,1,1.0,1.0,0,0,0,1,0,0,0,0,0,0.0,0,0,1,0.9733333333333333,97.33 %
288,Aluno 288,35,(99) 9999-10286,Feminino,Anual,2024-05-21,5,Cartão,1,5.0,5.0,0,0,0,0,0,1,1,1,1,1.0,0,0,1,1.0,100.0 %
289,Aluno 289,25,(99) 9999-10287,Feminino,Mensal,2024-03-26,3,Dinheiro,0,9.0,9.0,0,0,0,1,1,1,1,1,1,1.0,1,1,0,0.0,0.0 %
290,Aluno 290,36,(99) 9999-10288,Masculino,Anual,2024-03-14,3,Cartão,0,9.0,9.0,0,0,0,1,1,1,1,1,1,1.0,1,1,0,0.01,1.0 %
291,Aluno 291,29,(99) 9999-10289,Masculino,Anual,2024-05-03,5,Cartão,0,7.0,7.0,0,0,0,0,0,1,1,1,1,1.0,1,1,0,0.01,1.0 %
292,Aluno 292,31,(99) 9999-10290,Feminino,Anual,2024-03-11,3,Cartão,1,5.0,5.0,0,0,0,1,1,1,1,1,0,0.0,0,0,1,1.0,100.0 %
293,Aluno 293,22,(99) 9999-10291,Masculino,Mensal,2024-05-07,5,Pix,1,1.0,1.0,0,0,0,0,0,1,0,0,0,0.0,0,0,1,0.96,96.0 %
294,Aluno 294,32,(99) 9999-10292,Masculino,Mensal,2024-03-05,3,Pix,0,9.0,9.0,0,0,0,1,1,1,1,1,1,1.0,1,1,0,0.01,1.0 %
295,Aluno 295,27,(99) 9999-10293,Feminino,Mensal,2024-03-06,3,Cartão,0,9.0,9.0,0,0,0,1,1,1,1,1,1,1.0,1,1,0,0.02,2.0 %
296,Aluno 296,41,(99) 9999-10294,Masculino,Anual,2024-05-25,5,Cartão,0,7.0,7.0,0,0,0,0,0,1,1,1,1,1.0,1,1,0,0.01,1.0 %
297,Aluno 297,43,(99) 9999-10295,Feminino,Anual,2024-05-11,5,Cartão,0,7.0,7.0,0,0,0,0,0,1,1,1,1,1.0,1,1,0,0.1,10.0 %
298,Aluno 298,22,(99) 9999-10296,Feminino,Anual,2024-05-10,5,Cartão,1,2.0,2.0,0,0,0,0,0,1,1,0,0,0.0,0,0,1,1.0,100.0 %
299,Aluno 299,40,(99) 9999-10297,Masculino,Anual,2024-05-03,5,Cartão,0,7.0,7.0,0,0,0,0,0,1,1,1,1,1.0,1,1,0,0.02,2.0 %
300,Aluno 300,35,(99) 9999-10298,Feminino,Mensal,2024-04-03,4,Dinheiro,0,8.0,8.0,0,0,0,0,1,1,1,1,1,1.0,1,1,0,0.012,1.2 %
301,Aluno 301,59,(99) 9999-10299,Feminino,Mensal,2024-05-17,5,Pix,1,5.0,5.0,0,0,0,0,0,1,1,1,1,1.0,0,0,1,0.9883333333333333,98.83 %
302,Aluno 302,40,(99) 9999-10300,Feminino,Mensal,2024-05-21,5,Dinheiro,0,7.0,7.0,0,0,0,0,0,1,1,1,1,1.0,1,1,0,0.20199999999999999,20.2 %
303,Aluno 303,40,(99) 9999-10301,Feminino,Mensal,2024-04-04,4,Pix,1,5.0,5.0,0,0,0,0,1,1,1,1,1,0.0,0,0,1,1.0,100.0 %
304,Aluno 304,50,(99) 9999-10302,Masculino,Mensal,2024-05-06,5,Cartão,0,7.0,7.0,0,0,0,0,0,1,1,1,1,1.0,1,1,0,0.07,7.0 %
305,Aluno 305,44,(99) 9999-10303,Feminino,Anual,2024-05-17,5,Cartão,0,7.0,7.0,0,0,0,0,0,1,1,1,1,1.0,1,1,0,0.09916666666666667,9.92 %
306,Aluno 306,33,(99) 9999-10304,Feminino,Anual,2024-04-14,4,Cartão,1,1.0,1.0,0,0,0,0,1,0,0,0,0,0.0,0,0,1,1.0,100.0 %
307,Aluno 307,43,(99) 9999-10305,Masculino,Mensal,2024-05-11,5,Cartão,0,7.0,7.0,0,0,0,0,0,1,1,1,1,1.0,1,1,0,0.03,3.0 %
308,Aluno 308,24,(99) 9999-10306,Feminino,Anual,2024-04-09,4,Cartão,0,8.0,8.0,0,0,0,0,1,1,1,1,1,1.0,1,1,0,0.37,37.0 %
309,Aluno 309,42,(99) 9999-10307,Masculino,Mensal,2024-03-19,3,Dinheiro,0,9.0,9.0,0,0,0,1,1,1,1,1,1,1.0,1,1,0,0.0,0.0 %
310,Aluno 310,55,(99) 9999-10308,Feminino,Anual,2024-05-23,5,Cartão,1,4.0,4.0,0,0,0,0,0,1,1,1,1,0.0,0,0,1,0.99,99.0 %
311,Aluno 311,25,(99) 9999-10309,Feminino,Mensal,2024-05-13,5,Dinheiro,0,7.0,7.0,0,0,0,0,0,1,1,1,1,1.0,1,1,0,0.07,7.0 %
312,Aluno 312,32,(99) 9999-10310,Feminino,Mensal,2024-05-27,5,Cartão,0,7.0,7.0,0,0,0,0,0,1,1,1,1,1.0,1,1,0,0.02,2.0 %
313,Aluno 313,60,(99) 9999-10311,Masculino,Mensal,2024-05-14,5,Cartão,0,7.0,7.0,0,0,0,0,0,1,1,1,1,1.0,1,1,0,0.12333333333333334,12.33 %
314,Aluno 314,19,(99) 9999-10312,Feminino,Anual,2024-03-07,3,Cartão,0,9.0,9.0,0,0,0,1,1,1,1,1,1,1.0,1,1,0,0.01,1.0 %
315,Aluno 315,46,(99) 9999-10313,Feminino,Mensal,2024-03-05,3,Pix,1,8.0,8.0,0,0,0,1,1,1,1,1,1,1.0,1,0,1,0.99,99.0 %
316,Aluno 316,51,(99) 9999-10314,Feminino,Mensal,2024-05-27,5,Pix,1,7.0,6.0,0,0,0,0,0,1,1,1,1,1.0,0,1,1,0.63,63.0 %
317,Aluno 317,38,(99) 9999-10315,Masculino,Anual,2024-05-05,5,Cartão,1,3.0,3.0,0,0,0,0,0,1,1,1,0,0.0,0,0,1,1.0,100.0 %
318,Aluno 318,26,(99) 9999-10316,Feminino,Mensal,2024-05-26,5,Cartão,0,7.0,7.0,0,0,0,0,0,1,1,1,1,1.0,1,1,0,0.04,4.0 %
319,Aluno 319,44,(99) 9999-10317,Masculino,Mensal,2024-04-22,4,Dinheiro,0,8.0,8.0,0,0,0,0,1,1,1,1,1,1.0,1,1,0,0.04,4.0 %
320,Aluno 320,59,(99) 9999-10318,Masculino,Anual,2024-05-26,5,Cartão,0,7.0,7.0,0,0,0,0,0,1,1,1,1,1.0,1,1,0,0.04,4.0 %
318,Aluno 318,43,(99) 9999-10520,Feminino,Mensal,2024-07-15,7,Pix,0,5.0,4.0,0,0,0,0,0,0,0,1,1,1.0,1,0,1,0.528202380952381,52.82 %
322,Aluno 322,43,(99) 9999-10320,Feminino,Anual,2024-04-25,4,Cartão,1,4.0,4.0,0,0,0,0,1,1,1,1,0,0.0,0,0,1,1.0,100.0 %
323,Aluno 323,33,(99) 9999-10321,Feminino,Anual,2024-03-27,3,Cartão,1,1.0,1.0,0,0,0,1,0,0,0,0,0,0.0,0,0,1,1.0,100.0 %
324,Aluno 324,40,(99) 9999-10322,Feminino,Anual,2024-03-21,3,Cartão,0,9.0,9.0,0,0,0,1,1,1,1,1,1,1.0,1,1,0,0.04,4.0 %
324,Aluno 324,34,(99) 9999-10498,Feminino,Mensal,2024-08-05,6,Pix,0,4.0,3.0,0,0,0,0,0,0,0,1,1,0.0,1,0,0,0.4953333333333334,49.53 %
326,Aluno 326,23,(99) 9999-10324,Feminino,Mensal,2024-04-17,4,Dinheiro,1,6.0,6.0,0,0,0,0,1,1,1,1,1,1.0,0,0,1,0.99,99.0 %
327,Aluno 327,35,(99) 9999-10325,Feminino,Mensal,2024-04-01,4,Dinheiro,1,2.0,2.0,0,0,0,1,1,0,0,0,0,0.0,0,0,1,1.0,100.0 %
328,Aluno 328,34,(99) 9999-10326,Feminino,Anual,2024-03-13,3,Cartão,0,9.0,9.0,0,0,0,1,1,1,1,1,1,1.0,1,1,0,0.01,1.0 %
329,Aluno 329,33,(99) 9999-10327,Masculino,Mensal,2024-03-27,3,Dinheiro,0,9.0,8.0,0,0,0,1,1,1,1,1,0,1.0,1,1,0,0.0,0.0 %
330,Aluno 330,32,(99) 9999-10328,Masculino,Mensal,2024-03-10,3,Pix,0,9.0,8.0,0,0,0,1,0,1,1,1,1,1.0,1,1,0,0.01,1.0 %
331,Aluno 331,36,(99) 9999-10329,Masculino,Mensal,2024-04-15,4,Cartão,0,8.0,8.0,0,0,0,0,1,1,1,1,1,1.0,1,1,0,0.155,15.5 %
332,Aluno 332,54,(99) 9999-10330,Feminino,Mensal,2024-03-27,3,Dinheiro,1,7.0,7.0,0,0,0,1,1,1,1,1,1,1.0,0,0,1,1.0,100.0 %
333,Aluno 333,57,(99) 9999-10331,Feminino,Anual,2024-03-25,3,Cartão,0,9.0,9.0,0,0,0,1,1,1,1,1,1,1.0,1,1,0,0.04,4.0 %
334,Aluno 334,31,(99) 9999-10332,Feminino,Mensal,2024-04-21,4,Pix,0,8.0,8.0,0,0,0,0,1,1,1,1,1,1.0,1,1,0,0.04,4.0 %
335,Aluno 335,36,(99) 9999-10333,Masculino,Mensal,2024-05-18,5,Dinheiro,0,7.0,7.0,0,0,0,0,0,1,1,1,1,1.0,1,1,0,0.06533333333333333,6.53 %
336,Aluno 336,37,(99) 9999-10334,Feminino,Mensal,2024-03-10,3,Cartão,1,8.0,8.0,0,0,0,1,1,1,1,1,1,1.0,1,0,1,1.0,100.0 %
337,Aluno 337,41,(99) 9999-10335,Feminino,Mensal,2024-04-06,4,Cartão,0,8.0,8.0,0,0,0,0,1,1,1,1,1,1.0,1,1,0,0.23,23.0 %
338,Aluno 338,23,(99) 9999-10336,Feminino,Anual,2024-03-17,3,Cartão,0,9.0,9.0,0,0,0,1,1,1,1,1,1,1.0,1,1,0,0.02,2.0 %
339,Aluno 339,47,(99) 9999-10337,Feminino,Mensal,2024-04-02,4,Dinheiro,1,7.0,7.0,0,0,0,0,1,1,1,1,1,1.0,1,0,1,0.99,99.0 %
340,Aluno 340,59,(99) 9999-10338,Feminino,Anual,2024-05-01,5,Cartão,1,1.0,2.0,0,0,0,0,1,1,0,0,0,0.0,0,0,1,1.0,100.0 %
341,Aluno 341,22,(99) 9999-10339,Feminino,Mensal,2024-05-21,5,Cartão,0,7.0,7.0,0,0,0,0,0,1,1,1,1,1.0,1,1,0,0.26,26.0 %
342,Aluno 342,40,(99) 9999-10340,Feminino,Anual,2024-03-02,3,Cartão,0,9.0,9.0,0,0,0,1,1,1,1,1,1,1.0,1,1,0,0.04,4.0 %
343,Aluno 343,32,(99) 9999-10341,Feminino,Mensal,2024-04-23,4,Cartão,1,3.0,3.0,0,0,0,0,1,1,1,0,0,0.0,0,0,1,0.99,99.0 %
344,Aluno 344,27,(99) 9999-10342,Feminino,Mensal,2024-05-25,5,Pix,0,7.0,7.0,0,0,0,0,0,1,1,1,1,1.0,1,1,0,0.19,19.0 %
345,Aluno 345,20,(99) 9999-10343,Masculino,Mensal,2024-03-02,3,Pix,0,9.0,9.0,0,0,0,1,1,1,1,1,1,1.0,1,1,0,0.03,3.0 %
346,Aluno 346,31,(99) 9999-10344,Feminino,Anual,2024-05-16,5,Cartão,1,2.0,2.0,0,0,0,0,0,1,1,0,0,0.0,0,0,1,1.0,100.0 %
347,Aluno 347,45,(99) 9999-10345,Feminino,Mensal,2024-04-28,4,Dinheiro,0,8.0,7.0,0,0,0,0,1,1,0,1,1,1.0,1,1,0,0.125,12.5 %
348,Aluno 348,52,(99) 9999-10346,Masculino,Anual,2024-04-04,4,Cartão,1,2.0,2.0,0,0,0,0,1,1,0,0,0,0.0,0,0,1,1.0,100.0 %
349,Aluno 349,35,(99) 9999-10347,Masculino,Anual,2024-05-15,5,Cartão,1,3.0,3.0,0,0,0,0,0,1,1,1,0,0.0,0,0,1,1.0,100.0 %
350,Aluno 350,33,(99) 9999-10348,Masculino,Mensal,2024-05-16,5,Dinheiro,1,1.0,1.0,0,0,0,0,0,1,0,0,0,0.0,0,0,1,0.96,96.0 %
351,Aluno 351,48,(99) 9999-10349,Feminino,Anual,2024-06-24,6,Cartão,1,1.0,1.0,0,0,0,0,0,0,1,0,0,0.0,0,0,1,0.99,99.0 %
352,Aluno 352,35,(99) 9999-10350,Feminino,Mensal,2024-07-11,7,Cartão,0,5.0,5.0,0,0,0,0,0,0,0,1,1,1.0,1,1,0,0.245,24.5 %
353,Aluno 353,31,(99) 9999-10351,Feminino,Anual,2024-07-15,7,Cartão,1,2.0,2.0,0,0,0,0,0,0,0,1,1,0.0,0,0,1,0.97,97.0 %
354,Aluno 354,35,(99) 9999-10352,Feminino,Anual,2024-07-15,7,Cartão,0,5.0,5.0,0,0,0,0,0,0,0,1,1,1.0,1,1,0,0.23,23.0 %
355,Aluno 355,52,(99) 9999-10353,Feminino,Anual,2024-08-14,8,Cartão,0,4.0,4.0,0,0,0,0,0,0,0,0,1,1.0,1,1,0,0.0,0.0 %
356,Aluno 356,59,(99) 9999-10354,Feminino,Mensal,2024-08-21,8,Pix,0,4.0,4.0,0,0,0,0,0,0,0,0,1,1.0,1,1,0,0.05,5.0 %
357,Aluno 357,37,(99) 9999-10355,Feminino,Mensal,2024-06-28,6,Pix,0,6.0,6.0,0,0,0,0,0,0,1,1,1,1.0,1,1,0,0.105,10.5 %
358,Aluno 358,47,(99) 9999-10356,Feminino,Mensal,2024-06-08,6,Pix,0,6.0,6.0,0,0,0,0,0,0,1,1,1,1.0,1,1,0,0.14,14.0 %
359,Aluno 359,33,(99) 9999-10357,Masculino,Anual,2024-08-02,8,Cartão,0,4.0,4.0,0,0,0,0,0,0,0,0,1,1.0,1,1,0,0.18,18.0 %
360,Aluno 360,43,(99) 9999-10358,Feminino,Anual,2024-07-15,7,Cartão,0,5.0,5.0,0,0,0,0,0,0,0,1,1,1.0,1,1,0,0.03,3.0 %
361,Aluno 361,39,(99) 9999-10359,Masculino,Anual,2024-07-11,7,Cartão,1,2.0,2.0,0,0,0,0,0,0,0,1,1,0.0,0,0,1,0.99,99.0 %
362,Aluno 362,29,(99) 9999-10360,Feminino,Mensal,2024-08-06,8,Pix,0,4.0,4.0,0,0,0,0,0,0,0,0,1,1.0,1,1,0,0.06,6.0 %
363,Aluno 363,33,(99) 9999-10361,Feminino,Mensal,2024-07-23,7,Dinheiro,0,5.0,5.0,0,0,0,0,0,0,0,1,1,1.0,1,1,0,0.12222222222222222,12.22 %
364,Aluno 364,60,(99) 9999-10362,Feminino,Anual,2024-08-16,8,Cartão,0,4.0,4.0,0,0,0,0,0,0,0,0,1,1.0,1,1,0,0.05,5.0 %
365,Aluno 365,25,(99) 9999-10363,Feminino,Mensal,2024-06-23,6,Dinheiro,0,6.0,6.0,0,0,0,0,0,0,1,1,1,1.0,1,1,0,0.044000000000000004,4.4 %
366,Aluno 366,23,(99) 9999-10364,Feminino,Anual,2024-08-12,8,Cartão,0,4.0,4.0,0,0,0,0,0,0,0,0,1,1.0,1,1,0,0.23,23.0 %
367,Aluno 367,39,(99) 9999-10365,Masculino,Anual,2024-07-28,7,Cartão,1,5.0,5.0,0,0,0,0,0,0,0,1,1,1.0,1,1,1,0.71,71.0 %
368,Aluno 368,44,(99) 9999-10366,Feminino,Mensal,2024-08-08,8,Dinheiro,0,4.0,4.0,0,0,0,0,0,0,0,0,1,1.0,1,1,0,0.02333333333333333,2.33 %
369,Aluno 369,27,(99) 9999-10367,Feminino,Mensal,2024-07-01,7,Pix,0,5.0,6.0,0,0,0,0,0,0,1,1,1,1.0,1,1,0,0.18,18.0 %
370,Aluno 370,39,(99) 9999-10368,Feminino,Anual,2024-08-05,8,Cartão,0,4.0,4.0,0,0,0,0,0,0,0,0,1,1.0,1,1,0,0.01,1.0 %
371,Aluno 371,23,(99) 9999-10369,Feminino,Anual,2024-07-23,7,Cartão,1,1.0,1.0,0,0,0,0,0,0,0,1,0,0.0,0,0,1,0.995,99.5 %
372,Aluno 372,38,(99) 9999-10370,Masculino,Anual,2024-08-03,8,Cartão,1,0.0,0.0,0,0,0,0,0,0,0,0,0,0.0,0,0,1,0.88,88.0 %
373,Aluno 373,31,(99) 9999-10371,Feminino,Mensal,2024-07-22,7,Dinheiro,0,5.0,5.0,0,0,0,0,0,0,0,1,1,1.0,1,1,0,0.1,10.0 %
374,Aluno 374,25,(99) 9999-10372,Feminino,Mensal,2024-07-17,7,Pix,0,5.0,5.0,0,0,0,0,0,0,0,1,1,1.0,1,1,0,0.07,7.0 %
375,Aluno 375,21,(99) 9999-10373,Masculino,Mensal,2024-06-10,6,Cartão,0,6.0,6.0,0,0,0,0,0,0,1,1,1,1.0,1,1,0,0.12,12.0 %
376,Aluno 376,31,(99) 9999-10374,Feminino,Mensal,2024-08-10,8,Dinheiro,0,4.0,4.0,0,0,0,0,0,0,0,0,1,1.0,1,1,0,0.10833333333333332,10.83 %
377,Aluno 377,29,(99) 9999-10375,Masculino,Anual,2024-06-21,6,Cartão,1,1.0,1.0,0,0,0,0,0,0,1,0,0,0.0,0,0,1,1.0,100.0 %
378,Aluno 378,38,(99) 9999-10376,Feminino,Mensal,2024-08-05,8,Cartão,0,4.0,4.0,0,0,0,0,0,0,0,0,1,1.0,1,1,0,0.01,1.0 %
379,Aluno 379,41,(99) 9999-10377,Feminino,Anual,2024-08-02,8,Cartão,0,4.0,4.0,0,0,0,0,0,0,0,0,1,1.0,1,1,0,0.0,0.0 %
380,Aluno 380,19,(99) 9999-10378,Masculino,Mensal,2024-08-09,8,Cartão,1,0.0,0.0,0,0,0,0,0,0,0,0,0,0.0,0,0,1,0.9,90.0 %
381,Aluno 381,46,(99) 9999-10379,Feminino,Anual,2024-08-21,8,Cartão,1,3.0,3.0,0,0,0,0,0,0,0,0,1,1.0,1,0,1,0.9166666666666667,91.67 %
382,Aluno 382,53,(99) 9999-10380,Feminino,Anual,2024-08-10,8,Cartão,0,4.0,4.0,0,0,0,0,0,0,0,0,1,1.0,1,1,0,0.0,0.0 %
383,Aluno 383,48,(99) 9999-10381,Feminino,Anual,2024-07-15,7,Cartão,0,5.0,5.0,0,0,0,0,0,0,0,1,1,1.0,1,1,0,0.04,4.0 %
384,Aluno 384,21,(99) 9999-10382,Feminino,Anual,2024-07-16,7,Cartão,1,2.0,2.0,0,0,0,0,0,0,0,1,1,0.0,0,0,1,0.975,97.5 %
385,Aluno 385,32,(99) 9999-10383,Feminino,Mensal,2024-08-11,8,Dinheiro,0,4.0,4.0,0,0,0,0,0,0,0,0,1,1.0,1,1,0,0.10833333333333332,10.83 %
386,Aluno 386,52,(99) 9999-10384,Masculino,Anual,2024-06-25,6,Cartão,0,6.0,6.0,0,0,0,0,0,0,1,1,1,1.0,1,1,0,0.02,2.0 %
387,Aluno 387,39,(99) 9999-10385,Feminino,Anual,2024-06-15,6,Cartão,0,6.0,6.0,0,0,0,0,0,0,1,1,1,1.0,1,1,0,0.03,3.0 %
388,Aluno 388,35,(99) 9999-10386,Feminino,Mensal,2024-06-10,6,Pix,1,1.0,1.0,0,0,0,0,0,0,1,0,0,0.0,0,0,1,0.895,89.5 %
389,Aluno 389,40,(99) 9999-10500,Masculino,Mensal,2024-10-26,10,Cartão,0,8.0,7.0,0,0,0,1,1,1,1,1,0,0.0,1,0,1,0.892,89.2 %
390,Aluno 390,49,(99) 9999-10388,Masculino,Anual,2024-06-25,6,Cartão,0,6.0,6.0,0,0,0,0,0,0,1,1,1,1.0,1,1,0,0.02,2.0 %
391,Aluno 391,60,(99) 9999-10389,Feminino,Anual,2024-07-10,7,Cartão,0,5.0,5.0,0,0,0,0,0,0,0,1,1,1.0,1,1,0,0.07333333333333333,7.33 %
392,Aluno 392,23,(99) 9999-10390,Feminino,Anual,2024-08-15,8,Cartão,0,4.0,4.0,0,0,0,0,0,0,0,0,1,1.0,1,1,0,0.23,23.0 %
393,Aluno 393,28,(99) 9999-10391,Masculino,Anual,2024-06-02,6,Cartão,1,2.0,2.0,0,0,0,0,0,0,1,1,0,0.0,0,0,1,0.99,99.0 %
394,Aluno 394,40,(99) 9999-10392,Feminino,Anual,2024-07-18,7,Cartão,0,5.0,5.0,0,0,0,0,0,0,0,1,1,1.0,1,1,0,0.07,7.0 %
395,Aluno 395,24,(99) 9999-10393,Feminino,Mensal,2024-08-12,8,Dinheiro,0,4.0,4.0,0,0,0,0,0,0,0,0,1,1.0,1,1,0,0.085,8.5 %
396,Aluno 396,33,(99) 9999-10394,Masculino,Anual,2024-06-19,6,Cartão,0,6.0,6.0,0,0,0,0,0,0,1,1,1,1.0,1,1,0,0.02,2.0 %
397,Aluno 397,33,(99) 9999-10395,Feminino,Anual,2024-06-13,6,Cartão,0,6.0,6.0,0,0,0,0,0,0,1,1,1,1.0,1,1,0,0.015,1.5 %
398,Aluno 398,45,(99) 9999-10396,Feminino,Anual,2024-08-22,8,Cartão,1,3.0,3.0,0,0,0,0,0,0,0,0,1,1.0,1,0,1,0.9066666666666667,90.67 %
399,Aluno 399,25,(99) 9999-10397,Feminino,Mensal,2024-07-26,7,Dinheiro,1,3.0,3.0,0,0,0,0,0,0,0,1,1,1.0,0,0,1,0.9066666666666667,90.67 %
400,Aluno 400,39,(99) 9999-10398,Masculino,Anual,2024-06-07,6,Cartão,1,1.0,1.0,0,0,0,0,0,0,1,0,0,0.0,0,0,1,1.0,100.0 %
401,Aluno 401,34,(99) 9999-10399,Feminino,Mensal,2024-08-05,6,Pix,0,4.0,3.0,0,0,0,0,0,0,0,1,1,0.0,1,0,0,0.4953333333333334,49.53 %
402,Aluno 402,48,(99) 9999-10400,Masculino,Anual,2024-06-20,6,Cartão,0,6.0,6.0,0,0,0,0,0,0,1,1,1,1.0,1,1,0,0.01,1.0 %
403,Aluno 403,25,(99) 9999-10401,Masculino,Anual,2024-06-13,6,Cartão,0,6.0,6.0,0,0,0,0,0,0,1,1,1,1.0,1,1,0,0.02,2.0 %
404,Aluno 404,45,(99) 9999-10402,Masculino,Anual,2024-08-11,8,Cartão,0,4.0,4.0,0,0,0,0,0,0,0,0,1,1.0,1,1,0,0.07,7.0 %
405,Aluno 405,37,(99) 9999-10403,Feminino,Anual,2024-08-19,8,Cartão,0,4.0,4.0,0,0,0,0,0,0,0,0,1,1.0,1,1,0,0.01,1.0 %
406,Aluno 406,49,(99) 9999-10404,Feminino,Anual,2024-07-22,7,Cartão,1,0.0,0.0,0,0,0,0,0,0,0,0,0,0.0,0,0,1,0.8916666666666667,89.17 %
407,Aluno 407,34,(99) 9999-10405,Feminino,Anual,2024-08-28,8,Cartão,0,4.0,4.0,0,0,0,0,0,0,0,0,1,1.0,1,1,0,0.06,6.0 %
408,Aluno 408,19,(99) 9999-10406,Feminino,Anual,2024-07-21,7,Cartão,0,5.0,5.0,0,0,0,0,0,0,0,1,1,1.0,1,1,0,0.19,19.0 %
409,Aluno 409,46,(99) 9999-10407,Masculino,Mensal,2024-06-19,6,Cartão,1,0.0,0.0,0,0,0,0,0,0,0,0,0,0.0,0,0,1,0.895,89.5 %
410,Aluno 410,56,(99) 9999-10499,Masculino,Mensal,2024-07-21,10,Dinheiro,0,5.0,4.0,0,0,0,0,0,0,1,0,1,0.0,1,0,1,0.880952380952381,88.1 %
411,Aluno 411,20,(99) 9999-10409,Feminino,Mensal,2024-06-15,6,Pix,0,6.0,6.0,0,0,0,0,0,0,1,1,1,1.0,1,1,0,0.195,19.5 %
412,Aluno 412,26,(99) 9999-10410,Feminino,Mensal,2024-08-25,8,Dinheiro,0,4.0,4.0,0,0,0,0,0,0,0,0,1,1.0,1,1,0,0.155,15.5 %
413,Aluno 413,36,(99) 9999-10411,Feminino,Mensal,2024-06-17,6,Cartão,0,6.0,6.0,0,0,0,0,0,0,1,1,1,1.0,1,1,0,0.01,1.0 %
414,Aluno 414,31,(99) 9999-10412,Feminino,Anual,2024-08-13,8,Cartão,0,4.0,4.0,0,0,0,0,0,0,0,0,1,1.0,1,1,0,0.21,21.0 %
415,Aluno 415,27,(99) 9999-10413,Feminino,Anual,2024-08-12,8,Cartão,1,4.0,4.0,0,0,0,0,0,0,0,0,1,1.0,1,1,1,0.67,67.0 %
416,Aluno 416,52,(99) 9999-10414,Feminino,Anual,2024-08-16,8,Cartão,0,4.0,4.0,0,0,0,0,0,0,0,0,1,1.0,1,1,0,0.0,0.0 %
417,Aluno 417,29,(99) 9999-10415,Feminino,Anual,2024-06-10,6,Cartão,0,6.0,6.0,0,0,0,0,0,0,1,1,1,1.0,1,1,0,0.01,1.0 %
418,Aluno 418,44,(99) 9999-10416,Masculino,Anual,2024-07-16,7,Cartão,0,5.0,5.0,0,0,0,0,0,0,0,1,1,1.0,1,1,0,0.49,49.0 %
419,Aluno 419,56,(99) 9999-10417,Feminino,Anual,2024-07-04,7,Cartão,0,5.0,5.0,0,0,0,0,0,0,0,1,1,1.0,1,1,0,0.04,4.0 %
420,Aluno 420,38,(99) 9999-10418,Feminino,Anual,2024-07-25,7,Cartão,1,1.0,1.0,0,0,0,0,0,0,0,1,0,0.0,0,0,1,0.99,99.0 %
421,Aluno 421,30,(99) 9999-10419,Masculino,Anual,2024-08-03,8,Cartão,0,4.0,4.0,0,0,0,0,0,0,0,0,1,1.0,1,1,0,0.12,12.0 %
422,Aluno 422,35,(99) 9999-10420,Feminino,Anual,2024-08-16,8,Cartão,0,4.0,4.0,0,0,0,0,0,0,0,0,1,1.0,1,1,0,0.03,3.0 %
423,Aluno 423,49,(99) 9999-10421,Feminino,Anual,2024-08-23,8,Cartão,0,4.0,4.0,0,0,0,0,0,0,0,0,1,1.0,1,1,0,0.0,0.0 %
424,Aluno 424,24,(99) 9999-10422,Feminino,Mensal,2024-06-22,6,Pix,0,6.0,6.0,0,0,0,0,0,0,1,1,1,1.0,1,1,0,0.065,6.5 %
425,Aluno 425,28,(99) 9999-10423,Masculino,Mensal,2024-06-14,6,Pix,0,6.0,6.0,0,0,0,0,0,0,1,1,1,1.0,1,1,0,0.024,2.4 %
426,Aluno 426,36,(99) 9999-10424,Feminino,Mensal,2024-11-06,11,Pix,1,0.0,0.0,0,0,0,0,0,0,0,0,0,0.0,0,0,1,0.7433333333333333,74.33 %
427,Aluno 427,56,(99) 9999-10425,Feminino,Anual,2024-10-21,10,Cartão,0,2.0,2.0,0,0,0,0,0,0,0,0,0,0.0,1,1,0,0.02,2.0 %
428,Aluno 428,58,(99) 9999-10426,Feminino,Anual,2024-10-21,10,Cartão,0,2.0,2.0,0,0,0,0,0,0,0,0,0,0.0,1,1,0,0.02,2.0 %
429,Aluno 429,46,(99) 9999-10427,Feminino,Mensal,2024-11-24,11,Cartão,0,1.0,1.0,0,0,0,0,0,0,0,0,0,0.0,0,1,0,0.02,2.0 %
430,Aluno 430,20,(99) 9999-10428,Masculino,Mensal,2024-09-02,9,Dinheiro,0,3.0,3.0,0,0,0,0,0,0,0,0,0,1.0,1,1,0,0.13,13.0 %
431,Aluno 431,34,(99) 9999-10429,Masculino,Anual,2024-09-24,9,Cartão,1,3.0,3.0,0,0,0,0,0,0,0,0,0,1.0,1,1,1,0.81,81.0 %
432,Aluno 432,56,(99) 9999-10430,Masculino,Mensal,2024-07-21,10,Pix,0,5.0,3.0,0,0,0,0,0,0,1,0,1,0.0,1,0,1,0.6618690476190477,66.19 %
433,Aluno 433,56,(99) 9999-10431,Feminino,Anual,2024-10-15,10,Cartão,0,2.0,2.0,0,0,0,0,0,0,0,0,0,0.0,1,1,0,0.02,2.0 %
434,Aluno 434,38,(99) 9999-10432,Masculino,Anual,2024-09-28,9,Cartão,0,3.0,3.0,0,0,0,0,0,0,0,0,0,1.0,1,1,0,0.23,23.0 %
435,Aluno 435,30,(99) 9999-10433,Feminino,Mensal,2024-09-24,9,Dinheiro,1,1.0,1.0,0,0,0,0,0,0,0,0,0,1.0,0,0,1,0.9333333333333332,93.33 %
436,Aluno 436,29,(99) 9999-10434,Feminino,Mensal,2024-11-11,11,Pix,0,1.0,1.0,0,0,0,0,0,0,0,0,0,0.0,0,1,0,0.262,26.2 %
437,Aluno 437,39,(99) 9999-10435,Masculino,Mensal,2024-11-28,11,Pix,0,1.0,1.0,0,0,0,0,0,0,0,0,0,0.0,0,1,0,0.07200000000000001,7.2 %
438,Aluno 438,34,(99) 9999-10436,Feminino,Anual,2024-11-11,11,Cartão,0,1.0,1.0,0,0,0,0,0,0,0,0,0,0.0,0,1,0,0.02,2.0 %
439,Aluno 439,42,(99) 9999-10437,Feminino,Mensal,2024-10-11,10,Pix,0,2.0,2.0,0,0,0,0,0,0,0,0,0,0.0,1,1,0,0.07200000000000001,7.2 %
440,Aluno 440,18,(99) 9999-10438,Masculino,Anual,2024-09-15,9,Cartão,0,3.0,3.0,0,0,0,0,0,0,0,0,0,1.0,1,1,0,0.25,25.0 %
441,Aluno 441,58,(99) 9999-10439,Masculino,Anual,2024-11-24,11,Cartão,0,1.0,1.0,0,0,0,0,0,0,0,0,0,0.0,0,1,0,0.02,2.0 %
442,Aluno 442,29,(99) 9999-10440,Feminino,Anual,2024-11-08,11,Cartão,0,1.0,1.0,0,0,0,0,0,0,0,0,0,0.0,0,1,0,0.03,3.0 %
443,Aluno 443,25,(99) 9999-10441,Feminino,Anual,2024-09-13,9,Cartão,0,3.0,3.0,0,0,0,0,0,0,0,0,0,1.0,1,1,0,0.09,9.0 %
444,Aluno 444,56,(99) 9999-10442,Feminino,Anual,2024-11-04,11,Cartão,0,1.0,1.0,0,0,0,0,0,0,0,0,0,0.0,0,1,0,0.0,0.0 %
445,Aluno 445,57,(99) 9999-10443,Feminino,Anual,2024-11-08,11,Cartão,0,1.0,1.0,0,0,0,0,0,0,0,0,0,0.0,0,1,0,0.01,1.0 %
446,Aluno 446,25,(99) 9999-10444,Feminino,Mensal,2024-11-20,11,Dinheiro,0,3.0,2.0,0,0,0,0,0,0,0,0,0,0.0,0,1,0,0.12,12.0 %
447,Aluno 447,43,(99) 9999-10445,Feminino,Anual,2024-11-26,11,Cartão,0,1.0,1.0,0,0,0,0,0,0,0,0,0,0.0,0,1,0,0.0,0.0 %
448,Aluno 448,28,(99) 9999-10446,Feminino,Mensal,2024-11-28,11,Cartão,0,1.0,1.0,0,0,0,0,0,0,0,0,0,0.0,0,1,0,0.09,9.0 %
449,Aluno 449,38,(99) 9999-10447,Feminino,Anual,2024-09-19,9,Cartão,0,3.0,3.0,0,0,0,0,0,0,0,0,0,1.0,1,1,0,0.01,1.0 %
450,Aluno 450,50,(99) 9999-10448,Feminino,Mensal,2024-11-05,11,Cartão,0,1.0,1.0,0,0,0,0,0,0,0,0,0,0.0,0,1,0,0.01,1.0 %
451,Aluno 451,51,(99) 9999-10449,Feminino,Anual,2024-09-22,9,Cartão,0,3.0,3.0,0,0,0,0,0,0,0,0,0,1.0,1,1,0,0.0,0.0 %
452,Aluno 452,40,(99) 9999-10450,Feminino,Mensal,2024-10-26,10,Cartão,0,8.0,6.0,0,0,0,1,1,1,1,1,0,0.0,1,0,1,0.892,89.2 %
453,Aluno 453,25,(99) 9999-10451,Feminino,Anual,2024-10-19,10,Cartão,1,2.0,2.0,0,0,0,0,0,0,0,0,0,0.0,1,1,1,0.81,81.0 %
454,Aluno 454,36,(99) 9999-10452,Feminino,Anual,2024-11-01,11,Cartão,0,1.0,2.0,0,0,0,0,0,0,0,0,0,0.0,1,1,0,0.02,2.0 %
455,Aluno 455,49,(99) 9999-10453,Feminino,Mensal,2024-09-02,9,Cartão,0,3.0,3.0,0,0,0,0,0,0,0,0,0,1.0,1,1,0,0.03,3.0 %
456,Aluno 456,43,(99) 9999-10454,Feminino,Mensal,2024-10-02,10,Pix,0,1.0,1.0,0,0,0,0,0,0,0,0,0,0.0,1,0,0,0.30595238095238086,30.6 %
457,Aluno 457,27,(99) 9999-10455,Feminino,Mensal,2024-11-21,11,Cartão,0,1.0,1.0,0,0,0,0,0,0,0,0,0,0.0,0,1,0,0.09,9.0 %
458,Aluno 458,33,(99) 9999-10456,Feminino,Anual,2024-10-28,10,Cartão,1,2.0,2.0,0,0,0,0,0,0,0,0,0,0.0,1,1,1,0.79,79.0 %
459,Aluno 459,33,(99) 9999-10457,Feminino,Mensal,2024-11-28,11,Cartão,0,1.0,1.0,0,0,0,0,0,0,0,0,0,0.0,0,1,0,0.01,1.0 %
460,Aluno 460,42,(99) 9999-10458,Feminino,Anual,2024-09-06,9,Cartão,0,3.0,3.0,0,0,0,0,0,0,0,0,0,1.0,1,1,0,0.01,1.0 %
461,Aluno 461,34,(99) 9999-10459,Feminino,Mensal,2024-09-20,9,Cartão,0,3.0,3.0,0,0,0,0,0,0,0,0,1,1.0,1,1,0,0.06,6.0 %
462,Aluno 462,19,(99) 9999-10460,Feminino,Anual,2024-10-22,10,Cartão,1,1.0,1.0,0,0,0,0,0,0,0,0,0,0.0,1,0,1,0.885,88.5 %
463,Aluno 463,35,(99) 9999-10461,Feminino,Anual,2024-09-08,9,Cartão,0,3.0,2.0,0,0,0,0,0,0,0,0,0,1.0,1,1,0,0.12,12.0 %
464,Aluno 464,26,(99) 9999-10462,Feminino,Mensal,2024-09-02,9,Cartão,0,3.0,3.0,0,0,0,0,0,0,0,0,0,1.0,1,1,0,0.09,9.0 %
465,Aluno 465,34,(99) 9999-10463,Masculino,Mensal,2024-09-03,9,Pix,0,3.0,3.0,0,0,0,0,0,0,0,0,0,1.0,1,1,0,0.07,7.0 %
466,Aluno 466,20,(99) 9999-10464,Feminino,Mensal,2024-11-02,11,Pix,0,1.0,1.0,0,0,0,0,0,0,0,0,0,0.0,0,1,0,0.282,28.2 %
467,Aluno 467,28,(99) 9999-10465,Feminino,Mensal,2024-09-17,9,Pix,0,3.0,3.0,0,0,0,0,0,0,0,0,0,1.0,1,1,0,0.09,9.0 %
468,Aluno 468,28,(99) 9999-10466,Masculino,Anual,2024-11-20,11,Cartão,0,1.0,1.0,0,0,0,0,0,0,0,0,0,0.0,0,1,0,0.03,3.0 %
469,Aluno 469,49,(99) 9999-10467,Masculino,Mensal,2024-09-22,9,Dinheiro,0,3.0,3.0,0,0,0,0,0,0,0,0,0,1.0,1,1,0,0.03333333333333333,3.33 %
470,Aluno 470,34,(99) 9999-10468,Feminino,Anual,2024-09-18,9,Cartão,0,3.0,3.0,0,0,0,0,0,0,0,0,0,1.0,1,1,0,0.12,12.0 %
471,Aluno 471,53,(99) 9999-10469,Masculino,Mensal,2024-11-14,11,Cartão,0,1.0,1.0,0,0,0,0,0,0,0,0,0,0.0,0,1,0,0.01,1.0 %
472,Aluno 472,21,(99) 9999-10470,Feminino,Anual,2024-11-22,11,Cartão,0,1.0,1.0,0,0,0,0,0,0,0,0,0,0.0,0,1,0,0.09,9.0 %
473,Aluno 473,38,(99) 9999-10471,Feminino,Anual,2024-10-05,10,Cartão,0,2.0,2.0,0,0,0,0,0,0,0,0,0,0.0,1,1,0,0.27,27.0 %
474,Aluno 474,27,(99) 9999-10472,Feminino,Anual,2024-09-28,9,Cartão,0,3.0,3.0,0,0,0,0,0,0,0,0,0,1.0,1,1,0,0.2,20.0 %
475,Aluno 475,51,(99) 9999-10473,Feminino,Mensal,2024-09-18,9,Dinheiro,0,3.0,3.0,0,0,0,0,0,0,0,0,0,1.0,1,1,0,0.04333333333333334,4.33 %
476,Aluno 476,34,(99) 9999-10474,Feminino,Mensal,2024-09-09,9,Dinheiro,0,3.0,3.0,0,0,0,0,0,0,0,0,0,1.0,1,1,0,0.13333333333333333,13.33 %
477,Aluno 477,42,(99) 9999-10475,Feminino,Anual,2024-10-03,10,Cartão,0,2.0,2.0,0,0,0,0,0,0,0,0,0,0.0,1,1,0,0.15,15.0 %
478,Aluno 478,50,(99) 9999-10476,Feminino,Mensal,2024-10-22,10,Dinheiro,0,2.0,2.0,0,0,0,0,0,0,0,0,0,0.0,1,1,0,0.07333333333333333,7.33 %
479,Aluno 479,20,(99) 9999-10477,Feminino,Mensal,2024-11-24,11,Pix,0,1.0,1.0,0,0,0,0,0,0,0,0,0,0.0,0,1,0,0.282,28.2 %
480,Aluno 480,28,(99) 9999-10478,Feminino,Mensal,2024-10-01,10,Dinheiro,0,2.0,3.0,0,0,0,0,0,0,0,0,0,1.0,1,1,1,0.515,51.5 %
481,Aluno 481,27,(99) 9999-10479,Feminino,Mensal,2024-10-08,10,Cartão,0,2.0,2.0,0,0,0,0,0,0,0,0,0,0.0,1,1,0,0.48,48.0 %
482,Aluno 482,44,(99) 9999-10480,Feminino,Anual,2024-09-18,9,Cartão,0,3.0,3.0,0,0,0,0,0,0,0,0,0,1.0,1,1,0,0.005,0.5 %
483,Aluno 483,30,(99) 9999-10481,Feminino,Anual,2024-11-21,11,Cartão,0,1.0,1.0,0,0,0,0,0,0,0,0,0,0.0,0,1,0,0.02,2.0 %
484,Aluno 484,29,(99) 9999-10482,Feminino,Anual,2024-10-04,10,Cartão,0,2.0,2.0,0,0,0,0,0,0,0,0,0,0.0,1,1,1,0.78,78.0 %
485,Aluno 485,44,(99) 9999-10483,Masculino,Anual,2024-09-12,9,Cartão,0,3.0,3.0,0,0,0,0,0,0,0,0,0,1.0,1,1,0,0.17,17.0 %
486,Aluno 486,20,(99) 9999-10484,Feminino,Mensal,2024-09-01,9,Cartão,0,3.0,4.0,0,0,0,0,0,0,0,0,1,1.0,1,1,0,0.1,10.0 %
487,Aluno 487,56,(99) 9999-10485,Feminino,Anual,2024-10-05,10,Cartão,0,2.0,2.0,0,0,0,0,0,0,0,0,0,0.0,1,1,0,0.02,2.0 %
488,Aluno 488,28,(99) 9999-10486,Feminino,Mensal,2024-11-21,11,Dinheiro,1,1.0,1.0,0,0,0,0,0,0,0,0,0,0.0,0,1,1,0.77,77.0 %
489,Aluno 489,32,(99) 9999-10487,Masculino,Anual,2024-11-21,11,Cartão,0,1.0,1.0,0,0,0,0,0,0,0,0,0,0.0,0,1,0,0.03,3.0 %
490,Aluno 490,36,(99) 9999-10488,Masculino,Anual,2024-09-05,9,Cartão,1,3.0,3.0,0,0,0,0,0,0,0,0,0,1.0,1,1,1,0.84,84.0 %
491,Aluno 491,37,(99) 9999-10489,Masculino,Mensal,2024-09-27,9,Cartão,0,3.0,3.0,0,0,0,0,0,0,0,0,0,1.0,1,1,0,0.16,16.0 %
492,Aluno 492,57,(99) 9999-10490,Masculino,Mensal,2024-10-05,10,Pix,0,2.0,2.0,0,0,0,0,0,0,0,0,0,0.0,1,1,0,0.035,3.5 %
493,Aluno 493,28,(99) 9999-10491,Masculino,Mensal,2024-09-17,9,Pix,0,3.0,3.0,0,0,0,0,0,0,0,0,0,1.0,1,1,0,0.06,6.0 %
494,Aluno 494,21,(99) 9999-10492,Feminino,Anual,2024-11-16,11,Cartão,0,1.0,1.0,0,0,0,0,0,0,0,0,0,0.0,0,1,0,0.09,9.0 %
495,Aluno 495,38,(99) 9999-10493,Feminino,Anual,2024-09-01,9,Cartão,0,3.0,4.0,0,0,0,0,0,0,0,0,1,1.0,1,1,0,0.01,1.0 %
496,Aluno 496,30,(99) 9999-10494,Feminino,Anual,2024-09-17,9,Cartão,0,3.0,3.0,0,0,0,0,0,0,0,0,0,1.0,1,1,0,0.12,12.0 %
497,Aluno 497,43,(99) 9999-10495,Masculino,Mensal,2024-09-17,9,Pix,0,3.0,3.0,0,0,0,0,0,0,0,0,0,1.0,1,1,0,0.03,3.0 %
498,Aluno 498,27,(99) 9999-10496,Feminino,Anual,2024-10-09,10,Cartão,0,2.0,2.0,0,0,0,0,0,0,0,0,0,0.0,1,1,1,0.81,81.0 %
499,Aluno 499,23,(99) 9999-10497,Masculino,Anual,2024-10-19,10,Cartão,0,2.0,2.0,0,0,0,0,0,0,0,0,0,0.0,1,1,0,0.21,21.0 %
501,Aluno teste 1,34,(99) 9999-10498,Feminino,Mensal,2024-08-05,6,Pix,0,4.0,3.0,0,0,0,0,0,0,0,1,1,0.0,1,0,0,0.4953333333333334,49.53 %